# relative frequency (MHz), data intensity (counts), fit residuals (counts), data uncertainty (counts)
3.761463702321052551e+03, 2.590000000000000000e+02, -1.912223242657617561e+01, 1.609347693943108126e+01
3.758242823839187622e+03, 2.260000000000000000e+02, 1.402441178453111092e+01, 1.503329637837290811e+01
3.755021925687789917e+03, 2.280000000000000000e+02, 1.217286595002727267e+01, 1.509966887054149964e+01
3.751800892353057861e+03, 2.510000000000000000e+02, -1.067683453516389136e+01, 1.584297951775485913e+01
3.748579838991165161e+03, 2.180000000000000000e+02, 2.247533565274821399e+01, 1.476482306023340030e+01
3.745358765840530396e+03, 2.300000000000000000e+02, 1.062940774048416870e+01, 1.516575088810310135e+01
3.742137787818908691e+03, 2.330000000000000000e+02, 7.785408020548516106e+00, 1.526433752247374720e+01
3.738916674971580505e+03, 2.200000000000000000e+02, 2.094338019443284793e+01, 1.483239697419132597e+01
3.735695541977882385e+03, 2.650000000000000000e+02, -2.389664800278524126e+01, 1.627882059609970611e+01
3.732474389076232910e+03, 2.460000000000000000e+02, -4.734642621885541303e+00, 1.568438714135812262e+01
3.729253331661224365e+03, 2.290000000000000000e+02, 1.242942510746172502e+01, 1.513274595042155646e+01
3.726032138824462891e+03, 2.360000000000000000e+02, 5.595602374684915503e+00, 1.536229149573721564e+01
3.722810926318168640e+03, 2.360000000000000000e+02, 5.763919512048971683e+00, 1.536229149573721564e+01
3.719589809060096741e+03, 2.430000000000000000e+02, -1.065592628932080288e+00, 1.558845726811989607e+01
3.716368556499481201e+03, 2.640000000000000000e+02, -2.189288407018349858e+01, 1.624807680927192166e+01
3.713147399425506592e+03, 2.480000000000000000e+02, -5.717928588516770105e+00, 1.574801574802362225e+01
3.709926107168197632e+03, 2.540000000000000000e+02, -1.154067421114410763e+01, 1.593737745050922783e+01
3.706704795002937317e+03, 2.180000000000000000e+02, 2.463891315437922458e+01, 1.476482306023340030e+01
3.703483462810516357e+03, 2.600000000000000000e+02, -1.717912528143247641e+01, 1.612451549659709826e+01
3.700262226104736328e+03, 2.300000000000000000e+02, 1.300524594447392701e+01, 1.516575088810310135e+01
3.697040854096412659e+03, 2.760000000000000000e+02, -3.280791690265050420e+01, 1.661324772583614973e+01
3.693819462299346924e+03, 2.410000000000000000e+02, 2.381423630074181119e+00, 1.552417469626002422e+01
3.690598165750503540e+03, 2.180000000000000000e+02, 2.557330565529480282e+01, 1.476482306023340030e+01
3.687376734018325806e+03, 2.130000000000000000e+02, 3.076778892616295025e+01, 1.459451951932642366e+01
3.684155397653579712e+03, 2.490000000000000000e+02, -5.035093406661673043e+00, 1.577973383805949936e+01
3.680933810830116272e+03, 2.500000000000000000e+02, -5.835271891835446922e+00, 1.581138830084189628e+01
3.677712434649467468e+03, 2.390000000000000000e+02, 5.367274117288502566e+00, 1.545962483374030683e+01
3.674490923285484314e+03, 2.380000000000000000e+02, 6.572616599375919577e+00, 1.542724862054151203e+01
3.671269507288932800e+03, 2.260000000000000000e+02, 1.878079240210493595e+01, 1.503329637837290811e+01
3.668047955989837646e+03, 2.470000000000000000e+02, -2.008130825058060509e+00, 1.571623364550171154e+01
3.664826384902000427e+03, 2.260000000000000000e+02, 1.920589347915455392e+01, 1.503329637837290811e+01
3.661604909062385559e+03, 2.330000000000000000e+02, 1.242291275106902049e+01, 1.526433752247374720e+01
3.658383298039436340e+03, 2.250000000000000000e+02, 2.064299905420472214e+01, 1.500000000000000000e+01
3.655161782383918762e+03, 2.480000000000000000e+02, -2.133805486339724666e+00, 1.574801574802362225e+01
3.651940016388893127e+03, 2.430000000000000000e+02, 3.092582506249414109e+00, 1.558845726811989607e+01
3.648718460798263550e+03, 2.300000000000000000e+02, 1.632219132546546803e+01, 1.516575088810310135e+01
3.645496770262718201e+03, 2.590000000000000000e+02, -1.244489246103290725e+01, 1.609347693943108126e+01
3.642275174856185913e+03, 2.410000000000000000e+02, 5.791378135579833497e+00, 1.552417469626002422e+01
3.639053444266319275e+03, 2.300000000000000000e+02, 1.703108517435748581e+01, 1.516575088810310135e+01
3.635831693887710571e+03, 2.420000000000000000e+02, 5.274287009560850947e+00, 1.555634918610404505e+01
3.632609923362731934e+03, 2.270000000000000000e+02, 2.052105205956573286e+01, 1.506651917331936374e+01
3.629388248443603516e+03, 2.540000000000000000e+02, -6.228558663643639193e+00, 1.593737745050922783e+01
3.626166553378105164e+03, 2.650000000000000000e+02, -1.697446455972166746e+01, 1.627882059609970611e+01
3.622944607973098755e+03, 2.270000000000000000e+02, 2.128342651583551515e+01, 1.506651917331936374e+01
3.619722873210906982e+03, 2.290000000000000000e+02, 1.954515308839893351e+01, 1.513274595042155646e+01
3.616501003146171570e+03, 2.630000000000000000e+02, -1.418917962623484641e+01, 1.621727474022685556e+01
3.613279286146163940e+03, 2.510000000000000000e+02, -1.919516250256322110e+00, 1.584297951775485913e+01
3.610057261109352112e+03, 2.410000000000000000e+02, 8.354263307264858440e+00, 1.552417469626002422e+01
3.606835446476936340e+03, 2.480000000000000000e+02, 1.632198449466898182e+00, 1.574801574802362225e+01
3.603613496780395508e+03, 2.690000000000000000e+02, -1.908559576193869134e+01, 1.640121946685672683e+01
3.600391642332077026e+03, 2.530000000000000000e+02, -2.799051821445743826e+00, 1.590597372058686609e+01
3.597169768095016479e+03, 2.390000000000000000e+02, 1.149193021394000880e+01, 1.545962483374030683e+01
3.593947643399238586e+03, 2.620000000000000000e+02, -1.121253605146841892e+01, 1.618641405623864671e+01
3.590725729107856750e+03, 2.430000000000000000e+02, 8.087601814198819739e+00, 1.558845726811989607e+01
3.587503679871559143e+03, 2.300000000000000000e+02, 2.139247292756817842e+01, 1.516575088810310135e+01
3.584281725764274597e+03, 2.270000000000000000e+02, 2.470215527476327111e+01, 1.506651917331936374e+01
3.581059521317481995e+03, 2.360000000000000000e+02, 1.601678473700775385e+01, 1.536229149573721564e+01
3.577837527394294739e+03, 3.010000000000000000e+02, -4.866357854298183838e+01, 1.734935157289747210e+01
3.574615398287773132e+03, 2.340000000000000000e+02, 1.866120743037694751e+01, 1.529705854077835525e+01
3.571393364429473877e+03, 2.590000000000000000e+02, -6.008769692586469091e+00, 1.609347693943108126e+01
3.568171080350875854e+03, 2.660000000000000000e+02, -1.267336034607075135e+01, 1.630950643030008962e+01
3.564949006676673889e+03, 2.410000000000000000e+02, 1.266750452083653045e+01, 1.552417469626002422e+01
3.561726912975311279e+03, 2.610000000000000000e+02, -6.986031097919237709e+00, 1.615549442140351033e+01
3.558504684329032898e+03, 2.710000000000000000e+02, -1.663383102048328510e+01, 1.646207763315432970e+01
3.555282550930976868e+03, 2.630000000000000000e+02, -8.275793460779055977e+00, 1.621727474022685556e+01
3.552060167074203491e+03, 2.720000000000000000e+02, -1.691174918676915695e+01, 1.649242250247064234e+01
3.548837993741035461e+03, 2.730000000000000000e+02, -1.754161612337043152e+01, 1.652271164185830443e+01
3.545615685343742371e+03, 2.650000000000000000e+02, -9.165216958186618967e+00, 1.627882059609970611e+01
3.542393472194671631e+03, 2.460000000000000000e+02, 1.021756325385763375e+01, 1.568438714135812262e+01
3.539171008467674255e+03, 2.820000000000000000e+02, -2.539308814921054136e+01, 1.679285562374666441e+01
3.535948755502700806e+03, 2.790000000000000000e+02, -2.199707682080548921e+01, 1.670329308849006722e+01
3.532726482510566711e+03, 2.540000000000000000e+02, 3.405779298914296760e+00, 1.593737745050922783e+01
3.529504074215888977e+03, 2.580000000000000000e+02, -1.843461065028577650e-01, 1.606237840420901009e+01
3.526281761407852173e+03, 2.480000000000000000e+02, 1.023268114575319032e+01, 1.574801574802362225e+01
3.523059198141098022e+03, 2.420000000000000000e+02, 1.665707457246566037e+01, 1.555634918610404505e+01
3.519836845397949219e+03, 2.760000000000000000e+02, -1.691105321351886914e+01, 1.661324772583614973e+01
3.516614357471466064e+03, 2.780000000000000000e+02, -1.847147780329652278e+01, 1.667333200053306541e+01
3.513391964912414551e+03, 2.530000000000000000e+02, 6.975953158166817047e+00, 1.590597372058686609e+01
3.510169321894645691e+03, 2.770000000000000000e+02, -1.656852253398415087e+01, 1.664331697709323876e+01
3.506946889400482178e+03, 2.450000000000000000e+02, 1.589522502945379756e+01, 1.565247584249852864e+01
3.503724436879158020e+03, 2.450000000000000000e+02, 1.636742914426542939e+01, 1.565247584249852864e+01
3.500501849174499512e+03, 2.560000000000000000e+02, 5.848314306863073853e+00, 1.600000000000000000e+01
3.497279356956481934e+03, 2.630000000000000000e+02, -6.619403587088754648e-01, 1.621727474022685556e+01
3.494056614160537720e+03, 2.540000000000000000e+02, 8.836938411701225959e+00, 1.593737745050922783e+01
3.490834082007408142e+03, 2.460000000000000000e+02, 1.734510626908047470e+01, 1.568438714135812262e+01
3.487611414670944214e+03, 2.960000000000000000e+02, -3.213714856800976349e+01, 1.720465053408525335e+01
3.484388842582702637e+03, 2.610000000000000000e+02, 3.390378451941728599e+00, 1.615549442140351033e+01
3.481166020035743713e+03, 2.480000000000000000e+02, 1.692799372951094483e+01, 1.574801574802362225e+01
3.477943408012390137e+03, 2.240000000000000000e+02, 4.147587760730186801e+01, 1.496662954709576532e+01
3.474720660805702209e+03, 2.730000000000000000e+02, -6.965646156663353850e+00, 1.652271164185830443e+01
3.471498008966445923e+03, 2.600000000000000000e+02, 6.603656614380270184e+00, 1.612451549659709826e+01
3.468275337219238281e+03, 2.900000000000000000e+02, -2.281591122652639569e+01, 1.702938636592640265e+01
3.465052415013313293e+03, 2.530000000000000000e+02, 1.477598544341572051e+01, 1.590597372058686609e+01
3.461829703330993652e+03, 2.710000000000000000e+02, -2.620435983389938883e+00, 1.646207763315432970e+01
3.458606856465339661e+03, 2.460000000000000000e+02, 2.299520072826493333e+01, 1.568438714135812262e+01
3.455384104967117310e+03, 2.720000000000000000e+02, -2.376825905449834409e+00, 1.649242250247064234e+01
3.452161102890968323e+03, 2.730000000000000000e+02, -2.736114334619230704e+00, 1.652271164185830443e+01
3.448938311338424683e+03, 2.730000000000000000e+02, -2.082411446571768465e+00, 1.652271164185830443e+01
3.445715384721755981e+03, 2.790000000000000000e+02, -7.415291265471523730e+00, 1.670329308849006722e+01
3.442492553353309631e+03, 2.760000000000000000e+02, -3.734432630361425254e+00, 1.661324772583614973e+01
3.439269702076911926e+03, 2.810000000000000000e+02, -8.039430334939368095e+00, 1.676305461424021104e+01
3.436046600341796875e+03, 2.680000000000000000e+02, 5.670161843275081992e+00, 1.637070554374490072e+01
3.432823709130287170e+03, 2.580000000000000000e+02, 1.639465126257158545e+01, 1.606237840420901009e+01
3.429600682735443115e+03, 2.780000000000000000e+02, -2.865461828039315151e+00, 1.667333200053306541e+01
3.426377751708030701e+03, 2.560000000000000000e+02, 1.989020805394670788e+01, 1.600000000000000000e+01
3.423154570102691650e+03, 3.120000000000000000e+02, -3.533780292257154088e+01, 1.766352173265569547e+01
3.419931599140167236e+03, 2.680000000000000000e+02, 9.450865376968522469e+00, 1.637070554374490072e+01
3.416708492875099182e+03, 2.640000000000000000e+02, 1.425678447586665243e+01, 1.624807680927192166e+01
3.413485481977462769e+03, 2.730000000000000000e+02, 6.080402340089790414e+00, 1.652271164185830443e+01
3.410262220621109009e+03, 3.030000000000000000e+02, -2.307766730390835619e+01, 1.740689518552921200e+01
3.407039169788360596e+03, 2.650000000000000000e+02, 1.578299902948549516e+01, 1.627882059609970611e+01
3.403816099047660828e+03, 2.570000000000000000e+02, 2.466302515008652563e+01, 1.603121954188139853e+01
3.400592893123626709e+03, 2.690000000000000000e+02, 1.356302922993734228e+01, 1.640121946685672683e+01
3.397369782447814941e+03, 2.580000000000000000e+02, 2.548355488416592607e+01, 1.606237840420901009e+01
3.394146421313285828e+03, 2.500000000000000000e+02, 3.442533332632746124e+01, 1.581138830084189628e+01
3.390923270821571350e+03, 2.920000000000000000e+02, -6.611114409508331846e+00, 1.708800749063506075e+01
3.387699985146522522e+03, 3.180000000000000000e+02, -3.162500475925907040e+01, 1.783255450012700649e+01
3.384476852297782898e+03, 2.560000000000000000e+02, 3.138428163277387739e+01, 1.600000000000000000e+01
3.381253411293029785e+03, 3.120000000000000000e+02, -2.358237341380504404e+01, 1.766352173265569547e+01
3.378030181050300598e+03, 2.840000000000000000e+02, 5.475629957448006735e+00, 1.685229954635271810e+01
3.374806930541992188e+03, 3.010000000000000000e+02, -1.044083870893496169e+01, 1.734935157289747210e+01
3.371583545088768005e+03, 2.870000000000000000e+02, 4.669089224651088443e+00, 1.694107434609741603e+01
3.368360254883766174e+03, 2.810000000000000000e+02, 1.180619708659355638e+01, 1.676305461424021104e+01
3.365136714220046997e+03, 3.040000000000000000e+02, -1.002849342233196239e+01, 1.743559577416269590e+01
3.361913383960723877e+03, 2.950000000000000000e+02, 1.657866691248273128e-01, 1.717556403731766679e+01
3.358689918756484985e+03, 3.150000000000000000e+02, -1.860986139824490238e+01, 1.774823934929884928e+01
3.355466548562049866e+03, 3.020000000000000000e+02, -4.354508945105635576e+00, 1.737814719698276633e+01
3.352242928147315979e+03, 3.150000000000000000e+02, -1.606696036789509208e+01, 1.774823934929884928e+01
3.349019518136978149e+03, 2.800000000000000000e+02, 2.025370533779613424e+01, 1.673320053068151125e+01
3.345795972943305969e+03, 2.850000000000000000e+02, 1.660878096222745626e+01, 1.688194301613413373e+01
3.342572522997856140e+03, 2.960000000000000000e+02, 6.999373026633861627e+00, 1.720465053408525335e+01
3.339348937988281250e+03, 2.960000000000000000e+02, 8.426837484937664158e+00, 1.720465053408525335e+01
3.336125332832336426e+03, 2.920000000000000000e+02, 1.389243804474693889e+01, 1.708800749063506075e+01
3.332901823043823242e+03, 3.170000000000000000e+02, -9.602508288436297335e+00, 1.780449381476485726e+01
3.329678178071975708e+03, 3.150000000000000000e+02, -6.056460025620310716e+00, 1.774823934929884928e+01
3.326454628467559814e+03, 3.030000000000000000e+02, 7.531971685501503089e+00, 1.740689518552921200e+01
3.323230828166007996e+03, 3.240000000000000000e+02, -1.183547145933800948e+01, 1.800000000000000000e+01
3.320007238626480103e+03, 3.270000000000000000e+02, -1.315738121914068870e+01, 1.808314132002512409e+01
3.316783513665199280e+03, 3.310000000000000000e+02, -1.543186055150630409e+01, 1.819340539866025352e+01
3.313559884309768677e+03, 3.220000000000000000e+02, -4.657232235707169821e+00, 1.794435844492636178e+01
3.310336119532585144e+03, 2.800000000000000000e+02, 3.916851828936319180e+01, 1.673320053068151125e+01
3.307112334728240967e+03, 3.580000000000000000e+02, -3.695269273089343187e+01, 1.892088792842450218e+01
3.303888645410537720e+03, 3.190000000000000000e+02, 3.981140084258754541e+00, 1.786057109949175015e+01
3.300664820790290833e+03, 3.050000000000000000e+02, 1.997233334275233574e+01, 1.746424919657297892e+01
3.297441091418266296e+03, 3.310000000000000000e+02, -3.976968615610246616e+00, 1.819340539866025352e+01
3.294217111587524414e+03, 3.720000000000000000e+02, -4.286414042697987270e+01, 1.928730152198590986e+01
3.290993342280387878e+03, 3.400000000000000000e+02, -8.686959848467722622e+00, 1.843908891458577415e+01
3.287769437670707703e+03, 3.240000000000000000e+02, 9.557457482791846815e+00, 1.800000000000000000e+01
3.284545628547668457e+03, 3.310000000000000000e+02, 4.871742927268599033e+00, 1.819340539866025352e+01
3.281321684122085571e+03, 3.380000000000000000e+02, 2.590009519871045995e-01, 1.838477631085023489e+01
3.278097719669342041e+03, 3.300000000000000000e+02, 1.072224492288188458e+01, 1.816590212458494946e+01
3.274873850584030151e+03, 3.570000000000000000e+02, -1.373535676210110523e+01, 1.889444362769118513e+01
3.271649846315383911e+03, 3.550000000000000000e+02, -9.110184737126814980e+00, 1.884144368141677361e+01
3.268425821900367737e+03, 3.440000000000000000e+02, 4.601297811117319725e+00, 1.854723699099140788e+01
3.265201777696609497e+03, 3.760000000000000000e+02, -2.459708236983209417e+01, 1.939071942966531736e+01
3.261977828860282898e+03, 3.260000000000000000e+02, 2.829861106401051529e+01, 1.805547008526778896e+01
3.258753744482994080e+03, 4.010000000000000000e+02, -4.370714403008821591e+01, 2.002498439450078749e+01
3.255529755711555481e+03, 3.490000000000000000e+02, 1.138995271152919031e+01, 1.868154169226940553e+01
3.252305516242980957e+03, 3.790000000000000000e+02, -1.540498312973693373e+01, 1.946792233393178506e+01
3.249081487298011780e+03, 3.660000000000000000e+02, 9.126472311884299415e-01, 1.913112646970899178e+01
3.245857438564300537e+03, 3.730000000000000000e+02, -2.651574038088483576e+00, 1.931320791582796659e+01
3.242633254528045654e+03, 3.790000000000000000e+02, -5.091838159164467470e+00, 1.946792233393178506e+01
3.239409050464630127e+03, 4.010000000000000000e+02, -2.340224089856678802e+01, 2.002498439450078749e+01
3.236184826493263245e+03, 3.960000000000000000e+02, -1.457638661349972153e+01, 1.989974874213239886e+01
3.232960697889328003e+03, 3.670000000000000000e+02, 1.839237450411280861e+01, 1.915724406066801677e+01
3.229736433863639832e+03, 4.260000000000000000e+02, -3.648845056228026351e+01, 2.063976744055029400e+01
3.226512150049209595e+03, 3.810000000000000000e+02, 1.278868314198899725e+01, 1.951922129594313660e+01
3.223287846207618713e+03, 4.170000000000000000e+02, -1.876804189395522826e+01, 2.042057785666213832e+01
3.220063637495040894e+03, 4.210000000000000000e+02, -1.815007503820334023e+01, 2.051828452868319275e+01
3.216839408993721008e+03, 4.020000000000000000e+02, 5.652036198941573275e+00, 2.004993765576342213e+01
3.213615045189857483e+03, 4.030000000000000000e+02, 9.648397647251954368e+00, 2.007485989988473207e+01
3.210390661358833313e+03, 4.310000000000000000e+02, -1.315055724027229189e+01, 2.076053949202669457e+01
3.207166257739067078e+03, 4.010000000000000000e+02, 2.226650662754627774e+01, 2.002498439450078749e+01
3.203941949248313904e+03, 4.020000000000000000e+02, 2.691151475680356953e+01, 2.004993765576342213e+01
3.200717505693435669e+03, 4.830000000000000000e+02, -4.820213590872452869e+01, 2.197726097583591098e+01
3.197493041872978210e+03, 4.470000000000000000e+02, -6.060709704447219792e+00, 2.114237451186597383e+01
3.194268558263778687e+03, 4.340000000000000000e+02, 1.335074550021437290e+01, 2.083266665599965961e+01
3.191044169902801514e+03, 4.620000000000000000e+02, -7.951949982775317949e+00, 2.149418526020467723e+01
3.187819646239280701e+03, 4.890000000000000000e+02, -2.795104101263120810e+01, 2.211334438749598164e+01
3.184595218062400818e+03, 4.640000000000000000e+02, 4.371570189527119510e+00, 2.154065922853801496e+01
3.181370654463768005e+03, 4.770000000000000000e+02, -9.635452209051322825e-01, 2.184032966784155505e+01
3.178146070957183838e+03, 5.040000000000000000e+02, -1.993501214307207192e+01, 2.244994432064364887e+01
3.174921582698822021e+03, 5.340000000000000000e+02, -4.151976997994512431e+01, 2.310844001658268709e+01
3.171696959257125854e+03, 5.370000000000000000e+02, -3.569194303007014923e+01, 2.317326045251293465e+01
3.168472315788269043e+03, 5.140000000000000000e+02, -3.424453277260397499e+00, 2.267156809750926882e+01
3.165247652292251587e+03, 5.230000000000000000e+02, -2.687620738513942342e+00, 2.286919325205854392e+01
3.162023084282875061e+03, 5.040000000000000000e+02, 2.655040439636673000e+01, 2.244994432064364887e+01
3.158798380732536316e+03, 5.450000000000000000e+02, -3.674607053431145687e+00, 2.334523505985750447e+01
3.155573657393455505e+03, 5.640000000000000000e+02, -1.132486322973920778e+01, 2.374868417407583365e+01
3.152349087119102478e+03, 5.780000000000000000e+02, -1.335942327700070109e+01, 2.404163056034261459e+01
3.149124323606491089e+03, 5.360000000000000000e+02, 4.126842572069836024e+01, 2.315167380558045096e+01
3.145899655699729919e+03, 6.120000000000000000e+02, -2.139274289519585182e+01, 2.473863375370596174e+01
3.142674852371215820e+03, 6.110000000000000000e+02, -6.287535020418545173e+00, 2.471841418861654915e+01
3.139450029015541077e+03, 6.470000000000000000e+02, -2.735667060789432981e+01, 2.543619468395380778e+01
3.136225185871124268e+03, 6.570000000000000000e+02, -2.153447033504608044e+01, 2.563201123595259290e+01
3.133000437855720520e+03, 6.600000000000000000e+02, -7.749212520502169355e+00, 2.569046515733025871e+01
3.129775554537773132e+03, 6.950000000000000000e+02, -2.491987868284525121e+01, 2.636285265292813662e+01
3.126550651311874390e+03, 6.960000000000000000e+02, -6.958799702702208378e+00, 2.638181191654583913e+01
3.123325728058815002e+03, 6.980000000000000000e+02, 1.123179865354995854e+01, 2.641968962724581260e+01
3.120100900173187256e+03, 7.580000000000000000e+02, -2.724032585381246463e+01, 2.753179979587240922e+01
3.116876052379608154e+03, 7.270000000000000000e+02, 2.674630240470878562e+01, 2.696293752542552724e+01
3.113650953888893127e+03, 7.290000000000000000e+02, 4.932820504568007891e+01, 2.700000000000000000e+01
3.110426066040992737e+03, 7.790000000000000000e+02, 2.565247259597072116e+01, 2.791057147390572624e+01
3.107201042890548706e+03, 8.040000000000000000e+02, 2.889064593138573400e+01, 2.835489375751565078e+01
3.103976115226745605e+03, 8.680000000000000000e+02, -4.769597316010276700e+00, 2.946183972531246908e+01
3.100751052021980286e+03, 8.750000000000000000e+02, 2.088770148665776105e+01, 2.958039891549807976e+01
3.097525968909263611e+03, 9.990000000000000000e+02, -6.789688093868448959e+01, 3.160696125855821492e+01
3.094300865769386292e+03, 1.009000000000000000e+03, -3.984942569599775197e+01, 3.176476034853718033e+01
3.091075858116149902e+03, 1.022000000000000000e+03, -1.165994840383473274e+01, 3.196873472629156154e+01
3.087850830316543579e+03, 1.076000000000000000e+03, -2.097169779581281546e+01, 3.280243893371345365e+01
3.084625551939010620e+03, 1.142000000000000000e+03, -3.837401873370322392e+01, 3.379349049743160549e+01
3.081400484204292297e+03, 1.121000000000000000e+03, 3.559402787614681074e+01, 3.348133808556641355e+01
3.078175281286239624e+03, 1.217000000000000000e+03, -2.522160520629768143e+00, 3.488552708502481892e+01
3.074950173616409302e+03, 1.289000000000000000e+03, -1.110105665765422600e+01, 3.590264614203248072e+01
3.071724930524826050e+03, 1.267000000000000000e+03, 8.059014012393458870e+01, 3.559494346111537055e+01
3.068499667644500732e+03, 1.411000000000000000e+03, 1.340091137188187531e+01, 3.756327994198589693e+01
3.065274384617805481e+03, 1.467000000000000000e+03, 4.233215199574783583e+01, 3.830143600441111573e+01
3.062049196958541870e+03, 1.565000000000000000e+03, 3.856281575404386786e+01, 3.956008088970496317e+01
3.058823989272117615e+03, 1.727000000000000000e+03, -1.849937303214596795e+01, 4.155718951036029551e+01
3.055598531126976013e+03, 1.838000000000000000e+03, -1.216632418020935802e+01, 4.287190222045203569e+01
3.052373283267021179e+03, 1.941000000000000000e+03, 1.656549827122466922e+01, 4.405678154382137990e+01
3.049147900462150574e+03, 2.103000000000000000e+03, 3.156830826457735384e+00, 4.585847795119240544e+01
3.045922612905502319e+03, 2.277000000000000000e+03, -2.416325436333409016e+00, 4.771792116176060006e+01
3.042697074532508850e+03, 2.484000000000000000e+03, -1.746041733742958968e+01, 4.983974317750844563e+01
3.039471747040748596e+03, 2.727000000000000000e+03, -4.044418569283425313e+01, 5.222068555658763245e+01
3.036246284127235413e+03, 2.943000000000000000e+03, -2.636277159163455508e+00, 5.424942396007537582e+01
3.033020916461944580e+03, 3.251000000000000000e+03, -1.583335935812738171e+01, 5.701754116059372990e+01
3.029795413494110107e+03, 3.538000000000000000e+03, 4.222045613081809279e+01, 5.948108943185220454e+01
3.026569890737533569e+03, 3.932000000000000000e+03, 5.546384363382503579e+01, 6.270566162636352914e+01
3.023344463109970093e+03, 4.567000000000000000e+03, -9.446630674122206983e+01, 6.757958271549181006e+01
3.020118900179862976e+03, 4.945000000000000000e+03, 1.112576348653956302e+02, 7.032069396699665731e+01
3.016893432736396790e+03, 5.767000000000000000e+03, -3.899948137459432473e-01, 7.594076639065475831e+01
3.013667714476585388e+03, 6.527000000000000000e+03, 1.149984912760655789e+02, 8.078985084773952963e+01
3.010442206859588623e+03, 7.721000000000000000e+03, 1.450199010987489601e+01, 8.786922100485470821e+01
3.007216564059257507e+03, 9.400000000000000000e+03, -2.779002313088913070e+02, 9.695359714832657971e+01
3.003991016507148743e+03, 1.106600000000000000e+04, -1.579643115414564818e+02, 1.051950569180890795e+02
3.000765218257904053e+03, 1.332200000000000000e+04, -7.749666767177768634e+01, 1.154209686322203794e+02
2.997539630770683289e+03, 1.631600000000000000e+04, 2.494310939203569433e+01, 1.277340988146861207e+02
2.994314023256301880e+03, 2.068000000000000000e+04, -2.091205382218940940e+02, 1.438054240979803922e+02
2.991088280320167542e+03, 2.551400000000000000e+04, 4.248107203733779897e+02, 1.597310239120753863e+02
2.987862632870674133e+03, 3.257900000000000000e+04, 3.791595102133505861e+02, 1.804965373629089811e+02
2.984636734604835510e+03, 4.213200000000000000e+04, -7.336658794596223743e+02, 2.052608097031676380e+02
2.981411047101020813e+03, 5.010900000000000000e+04, 3.422065960376348812e+02, 2.238503964704999021e+02
2.978185224294662476e+03, 5.850900000000000000e+04, -1.800087433426961070e+01, 2.418863369436149071e+02
2.974959496736526489e+03, 6.330500000000000000e+04, 1.592789015497692162e+02, 2.516048489198886671e+02
2.971733518481254578e+03, 6.406200000000000000e+04, -2.241488681758783059e+02, 2.531047214099334042e+02
2.968507750868797302e+03, 5.985300000000000000e+04, -3.643060283045124379e+02, 2.446487277710636192e+02
2.965281847953796387e+03, 5.176300000000000000e+04, 1.782983724974474171e+01, 2.275148346811697593e+02
2.962056040406227112e+03, 4.182600000000000000e+04, 9.321861850284185493e+02, 2.045140581964965918e+02
2.958830212950706482e+03, 3.426700000000000000e+04, -1.136670852059396566e+02, 1.851134787096822834e+02
2.955604134678840637e+03, 2.723500000000000000e+04, -3.378751792694820324e+02, 1.650303002481665544e+02
2.952378267168998718e+03, 2.153500000000000000e+04, -3.314951794523767603e+02, 1.467480834627832564e+02
2.949152264356613159e+03, 1.695900000000000000e+04, -6.858930919397243997e+01, 1.302267253677216559e+02
2.945926356792449951e+03, 1.379800000000000000e+04, -1.412591520167461567e+02, 1.174648883709510869e+02
2.942700198531150818e+03, 1.126700000000000000e+04, -4.651321359559005941e+01, 1.061461256947233096e+02
2.939474251031875610e+03, 9.191000000000000000e+03, 1.714094365478886175e+02, 9.586970324351692341e+01
2.936248167991638184e+03, 7.864000000000000000e+03, 5.926660605162487627e+01, 8.867919710958145174e+01
2.933022180438041687e+03, 6.748000000000000000e+03, 4.298693031094353501e+01, 8.214621111165139666e+01
2.929796172857284546e+03, 5.869000000000000000e+03, 1.759904680529234611e+01, 7.660939890117921891e+01
2.926569914579391479e+03, 4.952000000000000000e+03, 2.020790258613506012e+02, 7.037044834303672758e+01
2.923343924641609192e+03, 4.612000000000000000e+03, -5.869112606172529922e+01, 6.791170738539858576e+01
2.920117741823196411e+03, 4.055000000000000000e+03, -1.517181277245072124e-01, 6.367888189973187707e+01
2.916891654253005981e+03, 3.652000000000000000e+03, -1.498543341956337827e+01, 6.043177971895251233e+01
2.913665315866470337e+03, 3.344000000000000000e+03, -6.056059996563590175e+01, 5.782732917920384352e+01
2.910439188361167908e+03, 2.908000000000000000e+03, 7.373791299200092908e+01, 5.392587505085105448e+01
2.907212925195693970e+03, 2.722000000000000000e+03, 2.809819664939823269e-01, 5.217278984298232558e+01
2.903986757636070251e+03, 2.421000000000000000e+03, 7.659789090142612622e+01, 4.920365840057017692e+01
2.900760569930076599e+03, 2.319000000000000000e+03, -1.723243352959570984e+01, 4.815599651133802439e+01
2.897534131646156311e+03, 2.130000000000000000e+03, 6.539324413233771338e-02, 4.615192303685730479e+01
2.894307904005050659e+03, 1.908000000000000000e+03, 7.072232787411030586e+01, 4.368065933568311010e+01
2.891081541061401367e+03, 1.940000000000000000e+03, -9.535897337541723573e+01, 4.404543109109047805e+01
2.887855273365974426e+03, 1.646000000000000000e+03, 7.931037106813460014e+01, 4.057092555020158642e+01
2.884628754854202271e+03, 1.622000000000000000e+03, -3.360471163227430225e+00, 4.027406113120453313e+01
2.881402447104454041e+03, 1.467000000000000000e+03, 5.591768778598952849e+01, 3.830143600441111573e+01
2.878176004052162170e+03, 1.384000000000000000e+03, 5.269129382993833133e+01, 3.720215047547655018e+01
2.874949656367301941e+03, 1.421000000000000000e+03, -6.224658466094388132e+01, 3.769615364994152884e+01
2.871723057866096497e+03, 1.311000000000000000e+03, -2.292990249745093934e+01, 3.620773398046334535e+01
2.868496670246124268e+03, 1.193000000000000000e+03, 3.077915567003719843e+01, 3.453983207834108526e+01
2.865270262360572815e+03, 1.140000000000000000e+03, 2.512993469157049731e+01, 3.376388603226826746e+01
2.862043719291687012e+03, 1.123000000000000000e+03, -1.151931724767632659e+01, 3.351119216023207770e+01
2.858817271471023560e+03, 1.092000000000000000e+03, -2.971665129077018719e+01, 3.304542328371660886e+01
2.855590572953224182e+03, 1.028000000000000000e+03, -1.094510195711382039e+01, 3.206243908376279705e+01
2.852364085197448730e+03, 1.031000000000000000e+03, -5.561377449343103763e+01, 3.210918871600464541e+01
2.849137462019920349e+03, 9.450000000000000000e+02, -8.090035478881873132e+00, 3.074085229787879570e+01
2.845910933971405029e+03, 8.780000000000000000e+02, 2.331119828860005327e+01, 2.963106478005810729e+01
2.842684155464172363e+03, 8.330000000000000000e+02, 3.530705452990650883e+01, 2.886173937932362321e+01
2.839457587599754333e+03, 8.350000000000000000e+02, 2.656090109895103524e+00, 2.889636655359977979e+01
2.836230999588966370e+03, 8.040000000000000000e+02, 5.138165509297323297e+00, 2.835489375751565078e+01
2.833004276394844055e+03, 8.010000000000000000e+02, -1.844072252204773577e+01, 2.830194339616981125e+01
2.829777648568153381e+03, 8.010000000000000000e+02, -4.325042551960996207e+01, 2.830194339616981125e+01
2.826550769805908203e+03, 7.130000000000000000e+02, 2.155329834635108455e+01, 2.670205984563737900e+01
2.823324101805686951e+03, 7.580000000000000000e+02, -4.516318922782897971e+01, 2.753179979587240922e+01
2.820097298502922058e+03, 6.920000000000000000e+02, 4.749464868102677428e-01, 2.630589287593181069e+01
2.816870590448379517e+03, 6.800000000000000000e+02, -6.641115340506416942e+00, 2.607680962081059661e+01
2.813643631696701050e+03, 6.560000000000000000e+02, -6.126597985522721501e-01, 2.561249694973139412e+01
2.810416883707046509e+03, 6.780000000000000000e+02, -3.952671237342610766e+01, 2.603843313258307290e+01
2.807190000176429749e+03, 6.150000000000000000e+02, 7.533842049552276876e+00, 2.479919353527449033e+01
2.803963212132453918e+03, 5.990000000000000000e+02, 8.496753401333080546e+00, 2.447447650104083294e+01
2.800736404061317444e+03, 6.070000000000000000e+02, -1.370518108111741640e+01, 2.463736998950983903e+01
2.797509345054626465e+03, 5.770000000000000000e+02, 2.866526708384526501e+00, 2.402082429892862692e+01
2.794282497048377991e+03, 5.840000000000000000e+02, -1.684138827864671839e+01, 2.416609194718914466e+01
2.791055513501167297e+03, 5.970000000000000000e+02, -4.188069002428278509e+01, 2.443358344574123109e+01
2.787828625321388245e+03, 5.330000000000000000e+02, 1.070345563538626266e+01, 2.308679276123039159e+01
2.784601486325263977e+03, 5.300000000000000000e+02, 2.867716654425294109e+00, 2.302172886644267535e+01
2.781374558091163635e+03, 5.050000000000000000e+02, 1.757500920522284105e+01, 2.247220505424423109e+01
2.778147494435310364e+03, 4.580000000000000000e+02, 5.478872531167598936e+01, 2.140093455903269515e+01
2.774920526146888733e+03, 5.170000000000000000e+02, -1.352305266132498218e+01, 2.273763400180414607e+01
2.771693422555923462e+03, 4.790000000000000000e+02, 1.560897459114494268e+01, 2.188606862823928978e+01
2.768466298699378967e+03, 4.800000000000000000e+02, 6.157453965227716708e+00, 2.190890230020664475e+01
2.765239270448684692e+03, 5.140000000000000000e+02, -3.590289827444024695e+01, 2.267156809750926882e+01
2.762012106657028198e+03, 4.980000000000000000e+02, -2.759629127983606622e+01, 2.231591360442139660e+01
2.758785038352012634e+03, 4.530000000000000000e+02, 1.005595619048040135e+01, 2.128379665379276275e+01
2.755557719111442566e+03, 4.250000000000000000e+02, 3.103280821940722944e+01, 2.061552812808830382e+01
2.752330610632896423e+03, 4.680000000000000000e+02, -1.868352756946069348e+01, 2.163330765278393741e+01
2.749103366732597351e+03, 4.400000000000000000e+02, 2.888755694815756669e+00, 2.097617696340303084e+01
2.745876218199729919e+03, 4.420000000000000000e+02, -5.266109195078456651e+00, 2.102379604162863913e+01
2.742648818850517273e+03, 4.280000000000000000e+02, 2.836129735623501347e+00, 2.068816086557720269e+01
2.739421630263328552e+03, 4.460000000000000000e+02, -2.081775130536038887e+01, 2.111871208194287419e+01
2.736194421768188477e+03, 3.760000000000000000e+02, 4.375870083321535731e+01, 1.939071942966531736e+01
2.732967077732086182e+03, 4.150000000000000000e+02, -4.469385712569078350e-01, 2.037154878746336095e+01
2.729739829182624817e+03, 4.060000000000000000e+02, 3.554266291980184178e+00, 2.014944167960988608e+01
2.726512329578399658e+03, 3.670000000000000000e+02, 3.775109458296128651e+01, 1.915724406066801677e+01
2.723285040974617004e+03, 3.930000000000000000e+02, 7.134225550986229791e+00, 1.982422760159900932e+01
2.720057616710662842e+03, 3.980000000000000000e+02, -2.306221435935015052e+00, 1.994993734326000379e+01
2.716830288052558899e+03, 4.010000000000000000e+02, -9.578715874797921970e+00, 2.002498439450078749e+01
2.713602708458900452e+03, 3.590000000000000000e+02, 2.830804700280759789e+01, 1.894729532149641571e+01
2.710375339508056641e+03, 4.100000000000000000e+02, -2.665308576854556577e+01, 2.024845673131658685e+01
2.707147950768470764e+03, 3.790000000000000000e+02, 5.303129869757867709e-01, 1.946792233393178506e+01
2.703920426487922668e+03, 3.920000000000000000e+02, -1.614872589187433505e+01, 1.979898987322333070e+01
2.700692882180213928e+03, 3.810000000000000000e+02, -8.696500094805969638e+00, 1.951922129594313660e+01
2.697465317845344543e+03, 3.340000000000000000e+02, 3.488092897556646221e+01, 1.827566688249706672e+01
2.694237848877906799e+03, 3.410000000000000000e+02, 2.457796558527678599e+01, 1.846618531261938756e+01
2.691010302066802979e+03, 3.640000000000000000e+02, -1.610956242627821666e+00, 1.907878402833891229e+01
2.687782793045043945e+03, 3.820000000000000000e+02, -2.269080360480620584e+01, 1.954482028569206520e+01
2.684555033206939697e+03, 3.820000000000000000e+02, -2.566664121771998452e+01, 1.954482028569206520e+01
2.681327484011650085e+03, 3.520000000000000000e+02, 1.457423915335311904e+00, 1.876166303929371892e+01
2.678099914908409119e+03, 3.390000000000000000e+02, 1.167689143519260142e+01, 1.841195263952196726e+01
2.674872210383415222e+03, 3.410000000000000000e+02, 6.987614712435401998e+00, 1.846618531261938756e+01
2.671644485831260681e+03, 3.430000000000000000e+02, 2.385859929644595923e+00, 1.852025917745213590e+01
2.668416741013526917e+03, 3.540000000000000000e+02, -1.113200412784078708e+01, 1.881488772222677852e+01
2.665189091801643372e+03, 3.850000000000000000e+02, -4.456933111589211194e+01, 1.962141687034858251e+01
2.661961307168006897e+03, 3.410000000000000000e+02, -2.929555608703651615e+00, 1.846618531261938756e+01
2.658733502149581909e+03, 3.580000000000000000e+02, -2.221568079278245023e+01, 1.892088792842450218e+01
2.655505677461624146e+03, 3.310000000000000000e+02, 2.569360977370251931e+00, 1.819340539866025352e+01
2.652277948021888733e+03, 3.440000000000000000e+02, -1.257713867607247948e+01, 1.854723699099140788e+01
2.649050083041191101e+03, 3.070000000000000000e+02, 2.234202382382113683e+01, 1.752141546793523119e+01
2.645822313547134399e+03, 3.280000000000000000e+02, -6.755129633038450265e-01, 1.811077027627483460e+01
2.642594408750534058e+03, 3.220000000000000000e+02, 3.367721132173016940e+00, 1.794435844492636178e+01
2.639366483569145203e+03, 2.990000000000000000e+02, 2.446953134467344171e+01, 1.729161646579058242e+01
2.636138653993606567e+03, 2.990000000000000000e+02, 2.262782653570559432e+01, 1.729161646579058242e+01
2.632910688877105713e+03, 3.250000000000000000e+02, -5.159576185018465821e+00, 1.802775637731994607e+01
2.629682703733444214e+03, 3.470000000000000000e+02, -2.889456136339310888e+01, 1.862793601019715695e+01
2.626454698562622070e+03, 3.050000000000000000e+02, 1.142101387039349447e+01, 1.746424919657297892e+01
2.623226788759231567e+03, 3.090000000000000000e+02, 5.785439392994419450e+00, 1.757839583124694727e+01
2.619998743414878845e+03, 3.030000000000000000e+02, 1.019691530278396385e+01, 1.740689518552921200e+01
2.616770793676376343e+03, 3.110000000000000000e+02, 6.539530156227328916e-01, 1.763519208854839704e+01
2.613542708396911621e+03, 3.070000000000000000e+02, 3.154916136858560094e+00, 1.752141546793523119e+01
2.610314602851867676e+03, 3.220000000000000000e+02, -1.330159258740155792e+01, 1.794435844492636178e+01
2.607086592793464661e+03, 3.010000000000000000e+02, 6.283093027482777870e+00, 1.734935157289747210e+01
2.603858447432518005e+03, 3.140000000000000000e+02, -8.092445939004733191e+00, 1.772004514666934938e+01
2.600630281805992126e+03, 2.800000000000000000e+02, 2.457058700793061234e+01, 1.673320053068151125e+01
2.597402096390724182e+03, 2.970000000000000000e+02, 6.270997696018639544e+00, 1.723368793961408585e+01
2.594174006223678589e+03, 2.640000000000000000e+02, 3.800769386224413893e+01, 1.624807680927192166e+01
2.590945780396461487e+03, 2.890000000000000000e+02, 1.177950388098741996e+01, 1.700000000000000000e+01
2.587717534780502319e+03, 3.060000000000000000e+02, -6.414554419050944034e+00, 1.749285568453590045e+01
2.584489269018173218e+03, 3.040000000000000000e+02, -5.575458198470300886e+00, 1.743559577416269590e+01
2.581261098623275757e+03, 2.940000000000000000e+02, 3.295904620381691075e+00, 1.714642819948224783e+01
2.578032908201217651e+03, 3.000000000000000000e+02, -3.801388096858374865e+00, 1.732050807568877460e+01
2.574804582476615906e+03, 2.730000000000000000e+02, 2.213179212096645188e+01, 1.652271164185830443e+01
2.571576236367225647e+03, 3.060000000000000000e+02, -1.190530442977808434e+01, 1.749285568453590045e+01
2.568347870469093323e+03, 2.870000000000000000e+02, 6.086576653864199216e+00, 1.694107434609741603e+01
2.565119599938392639e+03, 3.070000000000000000e+02, -1.489323346706322582e+01, 1.752141546793523119e+01
2.561891193747520447e+03, 2.930000000000000000e+02, -1.845466548839624465e+00, 1.711724276862369010e+01
2.558662767648696899e+03, 2.720000000000000000e+02, 1.822929229499334269e+01, 1.649242250247064234e+01
2.555434321403503418e+03, 2.760000000000000000e+02, 1.333046262070149623e+01, 1.661324772583614973e+01
2.552205970644950867e+03, 2.810000000000000000e+02, 7.457534861396254655e+00, 1.676305461424021104e+01
2.548977599859237671e+03, 2.850000000000000000e+02, 2.609975864527257272e+00, 1.688194301613413373e+01
2.545748978018760681e+03, 3.040000000000000000e+02, -1.721273308911793265e+01, 1.743559577416269590e+01
2.542520567178726196e+03, 3.140000000000000000e+02, -2.801089502449849533e+01, 1.772004514666934938e+01
2.539292020678520203e+03, 2.690000000000000000e+02, 1.621502266960834504e+01, 1.640121946685672683e+01
2.536063569664955139e+03, 2.770000000000000000e+02, 7.464736117292261497e+00, 1.664331697709323876e+01
2.532834982991218567e+03, 2.930000000000000000e+02, -9.262105759524672521e+00, 1.711724276862369010e+01
2.529606376528739929e+03, 2.810000000000000000e+02, 2.034270150690304035e+00, 1.676305461424021104e+01
2.526377749919891357e+03, 2.920000000000000000e+02, -9.646345843182871249e+00, 1.708800749063506075e+01
2.523149218559265137e+03, 3.000000000000000000e+02, -1.830409378864499104e+01, 1.732050807568877460e+01
2.519920551896095276e+03, 3.170000000000000000e+02, -3.593913512433050528e+01, 1.780449381476485726e+01
2.516691865086555481e+03, 2.740000000000000000e+02, 6.448490887174273212e+00, 1.655294535724684835e+01
2.513463273644447327e+03, 2.900000000000000000e+02, -1.014120369631638141e+01, 1.702938636592640265e+01
2.510234546780586243e+03, 2.790000000000000000e+02, 2.917885483090003618e-01, 1.670329308849006722e+01
2.507005915284156799e+03, 2.620000000000000000e+02, 1.674762030397897661e+01, 1.618641405623864671e+01
2.503777148246765137e+03, 2.820000000000000000e+02, -3.773567488683511328e+00, 1.679285562374666441e+01
2.500548361182212830e+03, 2.470000000000000000e+02, 3.072849859510029091e+01, 1.571623364550171154e+01
2.497319553971290588e+03, 2.930000000000000000e+02, -1.574584724221267606e+01, 1.711724276862369010e+01
2.494090842247009277e+03, 2.800000000000000000e+02, -3.196166249996849729e+00, 1.673320053068151125e+01
2.490861994981765747e+03, 2.770000000000000000e+02, -6.219692335993158849e-01, 1.664331697709323876e+01
2.487633127808570862e+03, 3.050000000000000000e+02, -2.902260866265271488e+01, 1.746424919657297892e+01
2.484404355764389038e+03, 2.550000000000000000e+02, 2.060268193705246631e+01, 1.596871942267131139e+01
2.481175448417663574e+03, 2.870000000000000000e+02, -1.174523261579804512e+01, 1.694107434609741603e+01
2.477946636438369751e+03, 2.950000000000000000e+02, -2.006527989144342428e+01, 1.717556403731766679e+01
2.474717573285102844e+03, 2.930000000000000000e+02, -1.835626762279275681e+01, 1.711724276862369010e+01
2.471488721251487732e+03, 2.410000000000000000e+02, 3.338327354317914342e+01, 1.552417469626002422e+01
2.468259733676910400e+03, 2.740000000000000000e+02, 1.549744373992893998e-01, 1.655294535724684835e+01
2.465030841350555420e+03, 2.580000000000000000e+02, 1.596078018143617783e+01, 1.606237840420901009e+01
2.461801871299743652e+03, 2.580000000000000000e+02, 1.580291958379655171e+01, 1.606237840420901009e+01
2.458572823524475098e+03, 2.530000000000000000e+02, 2.068399758690043200e+01, 1.590597372058686609e+01
2.455343871116638184e+03, 2.880000000000000000e+02, -1.439295266642176330e+01, 1.697056274847713908e+01
2.452114783048629761e+03, 2.780000000000000000e+02, -4.424408352499426655e+00, 1.667333200053306541e+01
2.448885790467262268e+03, 2.580000000000000000e+02, 1.559375329774030661e+01, 1.606237840420901009e+01
2.445656546831130981e+03, 2.730000000000000000e+02, 6.663631533036209476e-01, 1.652271164185830443e+01
2.442427514314651489e+03, 2.930000000000000000e+02, -1.920091891102640602e+01, 1.711724276862369010e+01
2.439198346018791199e+03, 2.990000000000000000e+02, -2.500139417598791169e+01, 1.729161646579058242e+01
2.435969273328781128e+03, 2.710000000000000000e+02, 3.272843458559918872e+00, 1.646207763315432970e+01
2.432739949464797974e+03, 2.700000000000000000e+02, 4.631253763733980122e+00, 1.643167672515498268e+01
2.429510836482048035e+03, 2.650000000000000000e+02, 1.008506044728932238e+01, 1.627882059609970611e+01
2.426281588077545166e+03, 2.600000000000000000e+02, 1.564787229828135651e+01, 1.612451549659709826e+01
2.423052434921264648e+03, 2.680000000000000000e+02, 8.336071036162650216e+00, 1.637070554374490072e+01
2.419823261857032776e+03, 2.620000000000000000e+02, 1.516969194043213065e+01, 1.618641405623864671e+01
2.416593837738037109e+03, 2.750000000000000000e+02, 3.173396577765004167e+00, 1.658312395177700083e+01
2.413364624381065369e+03, 2.840000000000000000e+02, -4.622520511589186754e+00, 1.685229954635271810e+01
2.410135275721549988e+03, 3.020000000000000000e+02, -2.117992067753618812e+01, 1.737814719698276633e+01
2.406906022310256958e+03, 2.720000000000000000e+02, 1.054903773361132835e+01, 1.649242250247064234e+01
2.403676517844200134e+03, 2.810000000000000000e+02, 3.625658240590098558e+00, 1.676305461424021104e+01
2.400447224378585815e+03, 2.910000000000000000e+02, -3.871615634397471695e+00, 1.705872210923197940e+01
2.397217795252799988e+03, 3.070000000000000000e+02, -1.683980944553155723e+01, 1.752141546793523119e+01
2.393988461613655090e+03, 3.140000000000000000e+02, -2.014335403328931307e+01, 1.772004514666934938e+01
2.390759107947349548e+03, 3.010000000000000000e+02, -2.600130750079870268e+00, 1.734935157289747210e+01
2.387529503107070923e+03, 3.000000000000000000e+02, 4.037922184843750983e+00, 1.732050807568877460e+01
2.384300109267234802e+03, 3.040000000000000000e+02, 7.111895414122727743e+00, 1.743559577416269590e+01
2.381070579886436462e+03, 3.100000000000000000e+02, 1.010114160547368556e+01, 1.760681686165900928e+01
2.377841145992279053e+03, 3.370000000000000000e+02, -5.317704774810295021e+00, 1.835755975068581947e+01
2.374611460924148560e+03, 3.630000000000000000e+02, -1.618207979035150856e+01, 1.905255888325764957e+01
2.371381986737251282e+03, 3.880000000000000000e+02, -2.114925664272720951e+01, 1.969771560359220786e+01
2.368152377009391785e+03, 4.360000000000000000e+02, -4.242436479386742576e+01, 2.088061301782110135e+01
2.364922862648963928e+03, 4.150000000000000000e+02, 1.410771548252705543e+01, 2.037154878746336095e+01
2.361693097472190857e+03, 5.420000000000000000e+02, -6.673199483117014097e+01, 2.328089345364563201e+01
2.358463542938232422e+03, 5.610000000000000000e+02, -2.892940676799935318e+01, 2.368543856465402087e+01
2.355233968377113342e+03, 6.680000000000000000e+02, -7.252344554415594757e+01, 2.584569596664017155e+01
2.352004258513450623e+03, 7.110000000000000000e+02, -5.527887461919112866e+01, 2.666458325194676604e+01
2.348774643898010254e+03, 7.630000000000000000e+02, -6.426038260688324044e+01, 2.762245463386626554e+01
2.345544778108596802e+03, 7.810000000000000000e+02, -6.912653528645591905e+01, 2.794637722496424104e+01
2.342315123319625854e+03, 7.560000000000000000e+02, -6.516569024122213705e+01, 2.749545416973504075e+01
2.339085332989692688e+03, 6.530000000000000000e+02, -1.064884183481797209e+01, 2.555386467836127551e+01
2.335855638027191162e+03, 6.180000000000000000e+02, -3.791517621113655423e+01, 2.485960578931210563e+01
2.332625692129135132e+03, 5.220000000000000000e+02, -4.547484208554237739e+00, 2.284731931759172596e+01
2.329395956993103027e+03, 4.550000000000000000e+02, 7.864004530597640041e+00, 2.133072900770154234e+01
2.326166201829910278e+03, 4.120000000000000000e+02, 7.197398545746295895e+00, 2.029778313018443825e+01
2.322936311125755310e+03, 3.880000000000000000e+02, -2.174520190415591969e+00, 1.969771560359220786e+01
2.319706515789031982e+03, 3.240000000000000000e+02, 3.676716185050656804e+01, 1.800000000000000000e+01
2.316476469397544861e+03, 3.510000000000000000e+02, -9.051019436900276105e+00, 1.873499399519519315e+01
2.313246633887290955e+03, 3.780000000000000000e+02, -5.031338553266704139e+01, 1.944222209522358114e+01
2.310016662955284119e+03, 3.100000000000000000e+02, 6.733289806058166960e+00, 1.760681686165900928e+01
2.306786787271499634e+03, 3.280000000000000000e+02, -1.979441715030253590e+01, 1.811077027627483460e+01
2.303556660532951355e+03, 3.120000000000000000e+02, -1.051959750766246771e+01, 1.766352173265569547e+01
2.300326744794845581e+03, 3.080000000000000000e+02, -1.188126879053078255e+01, 1.754992877478424518e+01
2.297096808910369873e+03, 3.100000000000000000e+02, -1.819447458586307675e+01, 1.760681686165900928e+01
2.293866737484931946e+03, 2.720000000000000000e+02, 1.631286660657724497e+01, 1.649242250247064234e+01
2.290636761546134949e+03, 2.790000000000000000e+02, 6.473784559340799660e+00, 1.670329308849006722e+01
2.287406534314155579e+03, 2.800000000000000000e+02, 3.163732826585146540e+00, 1.673320053068151125e+01
2.284176518201828003e+03, 2.760000000000000000e+02, 5.289713064286615918e+00, 1.661324772583614973e+01
2.280946366548538208e+03, 2.660000000000000000e+02, 1.378081687108783626e+01, 1.630950643030008962e+01
2.277716310262680054e+03, 3.120000000000000000e+02, -3.341666772970296506e+01, 1.766352173265569547e+01
2.274486002683639526e+03, 2.680000000000000000e+02, 9.656096663623713994e+00, 1.637070554374490072e+01
2.271255906224250793e+03, 2.410000000000000000e+02, 3.596805639234457885e+01, 1.552417469626002422e+01
2.268025674104690552e+03, 2.660000000000000000e+02, 1.049570815137923319e+01, 1.630950643030008962e+01
2.264795537471771240e+03, 2.360000000000000000e+02, 4.022193779018596160e+01, 1.536229149573721564e+01
2.261565380692481995e+03, 2.770000000000000000e+02, -8.652302699209712955e-01, 1.664331697709323876e+01
2.258334972858428955e+03, 2.800000000000000000e+02, -3.773299551937725482e+00, 1.673320053068151125e+01
2.255104775905609131e+03, 2.890000000000000000e+02, -1.250586718250059448e+01, 1.700000000000000000e+01
2.251874443531036377e+03, 2.570000000000000000e+02, 1.993712858433502788e+01, 1.603121954188139853e+01
2.248644206404685974e+03, 2.810000000000000000e+02, -3.440811590116993557e+00, 1.676305461424021104e+01
2.245413718223571777e+03, 2.890000000000000000e+02, -1.063257120139832068e+01, 1.700000000000000000e+01
2.242183440923690796e+03, 2.720000000000000000e+02, 7.372448170340476281e+00, 1.649242250247064234e+01
2.238953028082847595e+03, 2.680000000000000000e+02, 1.258905657960303870e+01, 1.637070554374490072e+01
2.235722710609436035e+03, 2.860000000000000000e+02, -3.963623398481956883e+00, 1.691153452528776313e+01
2.232492373108863831e+03, 2.550000000000000000e+02, 2.873886029799598418e+01, 1.596871942267131139e+01
2.229261842250823975e+03, 2.750000000000000000e+02, 1.072719934583659551e+01, 1.658312395177700083e+01
2.226031464576721191e+03, 3.020000000000000000e+02, -1.396079207230741304e+01, 1.737814719698276633e+01
2.222800951361656189e+03, 3.140000000000000000e+02, -2.327773026653420629e+01, 1.772004514666934938e+01
2.219570533633232117e+03, 3.090000000000000000e+02, -1.516519891049324542e+01, 1.757839583124694727e+01
2.216339864492416382e+03, 3.070000000000000000e+02, -9.549770574231104092e+00, 1.752141546793523119e+01
2.213109406471252441e+03, 2.600000000000000000e+02, 4.165962717746310773e+01, 1.612451549659709826e+01
2.209878812789916992e+03, 2.900000000000000000e+02, 1.657905943296350415e+01, 1.702938636592640265e+01
2.206648314595222473e+03, 2.900000000000000000e+02, 2.235544239851753900e+01, 1.702938636592640265e+01
2.203417565226554871e+03, 3.090000000000000000e+02, 1.017888279228469628e+01, 1.757839583124694727e+01
2.200187026858329773e+03, 3.090000000000000000e+02, 1.829477755753850943e+01, 1.757839583124694727e+01
2.196956468343734741e+03, 3.350000000000000000e+02, 2.027965646302334335e+00, 1.830300521772312550e+01
2.193725774407386780e+03, 3.730000000000000000e+02, -2.418820439335235051e+01, 1.931320791582796659e+01
2.190495175719261169e+03, 3.230000000000000000e+02, 4.023140089496274641e+01, 1.797220075561142849e+01
2.187264325857162476e+03, 3.920000000000000000e+02, -1.090650162476208607e+01, 1.979898987322333070e+01
2.184033687114715576e+03, 4.110000000000000000e+02, -7.482778615676750178e+00, 2.027313493271329392e+01
2.180802912473678589e+03, 4.110000000000000000e+02, 2.108688789153313792e+01, 2.027313493271329392e+01
2.177572233438491821e+03, 4.920000000000000000e+02, -2.295391015537586554e+01, 2.218107301281883537e+01
2.174341303348541260e+03, 4.940000000000000000e+02, 2.356635900145147389e+01, 2.222611077089286979e+01
2.171110584139823914e+03, 6.130000000000000000e+02, -3.103958621352080627e+01, 2.475883680627989492e+01
2.167879844784736633e+03, 6.410000000000000000e+02, 2.662427465563382611e+01, 2.531797780234432693e+01
2.164648969888687134e+03, 7.510000000000000000e+02, 2.896778133912630437e+01, 2.740437921208944161e+01
2.161418190479278564e+03, 8.900000000000000000e+02, 3.134205407630361151e+01, 2.983286778035259701e+01
2.158187159776687622e+03, 1.106000000000000000e+03, -2.040359561949503586e+01, 3.325657829663177978e+01
2.154956340074539185e+03, 1.217000000000000000e+03, 3.536605661068006157e+01, 3.488552708502481892e+01
2.151725384712219238e+03, 1.348000000000000000e+03, 3.929454665709636174e+01, 3.671511950137163893e+01
2.148494524717330933e+03, 1.395000000000000000e+03, 5.829601930875264770e+01, 3.734969879396619774e+01
2.145263413906097412e+03, 1.463000000000000000e+03, -3.351706760398383267e+01, 3.824918299781055708e+01
2.142032513737678528e+03, 1.331000000000000000e+03, -7.260160510158812031e+00, 3.648287269390939969e+01
2.138801478028297424e+03, 1.132000000000000000e+03, 3.584287292793851520e+01, 3.364520768252144478e+01
2.135570537805557251e+03, 9.450000000000000000e+02, 5.459683850814417383e+01, 3.074085229787879570e+01
2.132339461922645569e+03, 8.480000000000000000e+02, -1.355723234837569180e+00, 2.912043955712207222e+01
2.129108365774154663e+03, 7.150000000000000000e+02, 6.360710075950464670e+00, 2.673948391424187676e+01
2.125877365350723267e+03, 6.660000000000000000e+02, -4.136969383750306406e+01, 2.580697580112788003e+01
2.122646229147911072e+03, 5.550000000000000000e+02, -3.065642277083384215e+00, 2.355843797877949441e+01
2.119415188193321228e+03, 4.890000000000000000e+02, 8.641610979537801995e+00, 2.211334438749598164e+01
2.116183896422386169e+03, 4.750000000000000000e+02, -1.813234117162892289e+01, 2.179449471770336899e+01
2.112952815532684326e+03, 4.460000000000000000e+02, -2.007140835965378756e+01, 2.111871208194287419e+01
2.109721598863601685e+03, 4.350000000000000000e+02, -3.282057402819123126e+01, 2.085665361461420986e+01
2.106490477561950684e+03, 3.930000000000000000e+02, -9.235177116169552392e+00, 1.982422760159900932e+01
2.103259220838546753e+03, 4.120000000000000000e+02, -4.262240173407354860e+01, 2.029778313018443825e+01
2.100027943849563599e+03, 3.520000000000000000e+02, 6.093060763789708290e+00, 1.876166303929371892e+01
2.096796762466430664e+03, 3.920000000000000000e+02, -4.275099910989524687e+01, 1.979898987322333070e+01
2.093565445423126221e+03, 3.640000000000000000e+02, -2.163391401625449362e+01, 1.907878402833891229e+01
2.090334108114242554e+03, 3.590000000000000000e+02, -2.190342382957044265e+01, 1.894729532149641571e+01
2.087102750778198242e+03, 3.790000000000000000e+02, -4.581285211290662573e+01, 1.946792233393178506e+01
2.083871488928794861e+03, 3.600000000000000000e+02, -2.954497796874710502e+01, 1.897366596101027625e+01
2.080640091419219971e+03, 3.540000000000000000e+02, -2.522889447482134528e+01, 1.881488772222677852e+01
2.077408789277076721e+03, 3.480000000000000000e+02, -1.995054985421057836e+01, 1.865475810617763130e+01
2.074177351593971252e+03, 3.490000000000000000e+02, -2.076054068428021537e+01, 1.868154169226940553e+01
2.070945893645286560e+03, 3.550000000000000000e+02, -2.567828158530602423e+01, 1.884144368141677361e+01
2.067714531302452087e+03, 3.550000000000000000e+02, -2.369439338016616148e+01, 1.884144368141677361e+01
2.064483033180236816e+03, 3.570000000000000000e+02, -2.277053692669210250e+01, 1.889444362769118513e+01
2.061251515030860901e+03, 3.220000000000000000e+02, 1.616187293405312175e+01, 1.794435844492636178e+01
2.058019976735115051e+03, 3.700000000000000000e+02, -2.679432890512759968e+01, 1.923538406167134340e+01
2.054788534045219421e+03, 3.750000000000000000e+02, -2.549619887521146211e+01, 1.936491673103708422e+01
2.051556955456733704e+03, 3.650000000000000000e+02, -7.750509115027057305e+00, 1.910497317454279909e+01
2.048325472474098206e+03, 4.010000000000000000e+02, -3.430212163873352438e+01, 2.002498439450078749e+01
2.045093738079071045e+03, 3.880000000000000000e+02, -9.812209998167190861e+00, 1.969771560359220786e+01
2.041862214922904968e+03, 4.030000000000000000e+02, -1.083548520907731927e+01, 2.007485989988473207e+01
2.038630671501159668e+03, 4.050000000000000000e+02, 4.224146770136030682e+00, 2.012461179749810825e+01
2.035398992538452148e+03, 4.510000000000000000e+02, -2.083174814735588143e+01, 2.123676058159530200e+01
2.032167293310165405e+03, 4.920000000000000000e+02, -3.591386066530753851e+01, 2.218107301281883537e+01
2.028935574054718018e+03, 5.490000000000000000e+02, -6.051945147721500007e+01, 2.343074902771996193e+01
2.025703950285911560e+03, 5.450000000000000000e+02, -1.555056753252392809e+01, 2.334523505985750447e+01
2.022472190737724304e+03, 6.050000000000000000e+02, -2.303734929255506358e+01, 2.459674775249768786e+01
2.019240411281585693e+03, 6.910000000000000000e+02, -4.076422922551341799e+01, 2.628687885618982989e+01
2.016008611440658569e+03, 7.610000000000000000e+02, -2.078083644829143850e+01, 2.758622844826744469e+01
2.012776907205581665e+03, 8.620000000000000000e+02, -1.977831573973389823e+00, 2.935983651180639598e+01
2.009545182824134827e+03, 1.008000000000000000e+03, 1.175830358695588984e+01, 3.174901573277508859e+01
2.006313322901725769e+03, 1.241000000000000000e+03, -1.149172271405632273e+01, 3.522782990761707111e+01
2.003081442713737488e+03, 1.537000000000000000e+03, -4.350737167524107463e+01, 3.920459156782531807e+01
1.999849600315093994e+03, 1.840000000000000000e+03, -4.023711409065754196e+01, 4.289522117905443110e+01
1.996617795467376709e+03, 2.166000000000000000e+03, -5.626765899685551631e+01, 4.654030511288038241e+01
1.993385854959487915e+03, 2.434000000000000000e+03, -7.519494081182392620e+01, 4.933558553417604031e+01
1.990153894305229187e+03, 2.581000000000000000e+03, -1.030571066971306209e+02, 5.080354318352215159e+01
1.986921913743019104e+03, 2.581000000000000000e+03, -1.519231033446299080e+02, 5.080354318352215159e+01
1.983690028190612793e+03, 2.250000000000000000e+03, -2.193350489280055626e+01, 4.743416490252568707e+01
1.980458007335662842e+03, 2.027000000000000000e+03, -9.215743431258329110e+01, 4.502221673796171331e+01
1.977225966334342957e+03, 1.771000000000000000e+03, -1.511995537571672230e+02, 4.208325082500162750e+01
1.973994020581245422e+03, 1.380000000000000000e+03, -4.604018716795940236e+01, 3.714835124201341898e+01
1.970761939406394958e+03, 1.060000000000000000e+03, 3.979865311991534327e+01, 3.255764119219941222e+01
1.967529953479766846e+03, 9.400000000000000000e+02, -2.135962707720136677e+01, 3.065941943351178267e+01
1.964297831892967224e+03, 8.230000000000000000e+02, -4.105871535376422798e+01, 2.868797657556210368e+01
1.961065690279006958e+03, 6.870000000000000000e+02, -7.802920497464128857e+00, 2.621068484416231215e+01
1.957833528518676758e+03, 5.480000000000000000e+02, 5.334448571329880906e+01, 2.340939982143925135e+01
1.954601462125778198e+03, 5.480000000000000000e+02, -6.462275448177479120e+00, 2.340939982143925135e+01
1.951369260072708130e+03, 4.980000000000000000e+02, -3.133203670694570064e+00, 2.231591360442139660e+01
1.948137038111686707e+03, 4.190000000000000000e+02, 3.887605935387091449e+01, 2.046948949045872013e+01
1.944904911279678345e+03, 4.400000000000000000e+02, -1.187538639567554810e+01, 2.097617696340303084e+01
1.941672648906707764e+03, 3.970000000000000000e+02, 6.868422203196814735e+00, 1.992485884517127559e+01
1.938440482020378113e+03, 4.040000000000000000e+02, -2.015056719863684975e+01, 2.009975124224177989e+01
1.935208179354667664e+03, 3.400000000000000000e+02, 2.714139225682322376e+01, 1.843908891458577415e+01
1.931975856661796570e+03, 3.420000000000000000e+02, 1.105607248581998192e+01, 1.849324200890692893e+01
1.928743513822555542e+03, 3.620000000000000000e+02, -2.092716097503353012e+01, 1.902629759044044633e+01
1.925511266469955444e+03, 3.210000000000000000e+02, 9.793358003582000038e+00, 1.791647286716891685e+01
1.922278883218765259e+03, 2.970000000000000000e+02, 2.490780641796504824e+01, 1.723368793961408585e+01
1.919046480059623718e+03, 3.030000000000000000e+02, 1.117416401978533713e+01, 1.740689518552921200e+01
1.915814056634902954e+03, 2.890000000000000000e+02, 1.840027370970176435e+01, 1.700000000000000000e+01
1.912581728696823120e+03, 2.970000000000000000e+02, 4.432512623468483071e+00, 1.723368793961408585e+01
1.909349380612373352e+03, 2.930000000000000000e+02, 3.146368448150383301e+00, 1.711724276862369010e+01
1.906116781353950500e+03, 2.720000000000000000e+02, 1.944029131580981584e+01, 1.649242250247064234e+01
1.902884392976760864e+03, 2.780000000000000000e+02, 9.231822899085329936e+00, 1.667333200053306541e+01
1.899651869058609009e+03, 2.810000000000000000e+02, 2.451720038949304126e+00, 1.676305461424021104e+01
1.896419440627098083e+03, 2.980000000000000000e+02, -1.795701336977640494e+01, 1.726267650163206824e+01
1.893186876296997070e+03, 2.580000000000000000e+02, 1.895737898014954226e+01, 1.606237840420901009e+01
1.889954292058944702e+03, 2.660000000000000000e+02, 8.154553431362955962e+00, 1.630950643030008962e+01
1.886721687436103821e+03, 2.750000000000000000e+02, -3.399805623306690450e+00, 1.658312395177700083e+01
1.883489178419113159e+03, 2.620000000000000000e+02, 7.265134288770639159e+00, 1.618641405623864671e+01
1.880256649255752563e+03, 2.290000000000000000e+02, 3.812422820902861531e+01, 1.513274595042155646e+01
1.877023868680000305e+03, 2.570000000000000000e+02, 8.155785326546833858e+00, 1.603121954188139853e+01
1.873791299343109131e+03, 2.890000000000000000e+02, -2.565854459933558473e+01, 1.700000000000000000e+01
1.870558594346046448e+03, 2.400000000000000000e+02, 2.166486428551291965e+01, 1.549193338482966809e+01
1.867325984597206116e+03, 2.640000000000000000e+02, -3.887957550298892784e+00, 1.624807680927192166e+01
1.864093123555183411e+03, 2.300000000000000000e+02, 2.867050676841904533e+01, 1.516575088810310135e+01
1.860860473632812500e+03, 2.680000000000000000e+02, -1.067035121692026678e+01, 1.637070554374490072e+01
1.857627687931060791e+03, 2.570000000000000000e+02, -9.202044285074748586e-01, 1.603121954188139853e+01
1.854394997835159302e+03, 2.620000000000000000e+02, -7.087376208637749642e+00, 1.618641405623864671e+01
1.851162287473678589e+03, 2.630000000000000000e+02, -9.179367301330529472e+00, 1.621727474022685556e+01
1.847929325819015503e+03, 2.700000000000000000e+02, -1.720287306427013618e+01, 1.643167672515498268e+01
1.844696575284004211e+03, 2.620000000000000000e+02, -1.016365081652213576e+01, 1.618641405623864671e+01
1.841463688969612122e+03, 2.360000000000000000e+02, 1.493291788128485109e+01, 1.536229149573721564e+01
1.838230898141860962e+03, 2.560000000000000000e+02, -5.917827284190792625e+00, 1.600000000000000000e+01
1.834997855901718140e+03, 2.400000000000000000e+02, 9.279782063373062329e+00, 1.549193338482966809e+01
1.831765024781227112e+03, 2.640000000000000000e+02, -1.547795789018724122e+01, 1.624807680927192166e+01
1.828532057881355286e+03, 2.530000000000000000e+02, -5.194575433932442365e+00, 1.590597372058686609e+01
1.825299186468124390e+03, 2.440000000000000000e+02, 3.126867122017102929e+00, 1.562049935181330795e+01
-1.746252855300903320e+03, 2.140000000000000000e+02, 7.896596430498647123e+00, 1.462873883832779320e+01
-1.749508260488510132e+03, 2.350000000000000000e+02, -1.309500042876987891e+01, 1.532970971675589134e+01
-1.752763511300086975e+03, 2.040000000000000000e+02, 1.791350255385307833e+01, 1.428285685708570085e+01
-1.756018957376480103e+03, 2.310000000000000000e+02, -9.077892178175119398e+00, 1.519868415357066382e+01
-1.759274424076080322e+03, 2.290000000000000000e+02, -7.069183516306850379e+00, 1.513274595042155646e+01
-1.762529911279678345e+03, 1.990000000000000000e+02, 2.293963013375440596e+01, 1.410673597966588488e+01
-1.765785302639007568e+03, 2.560000000000000000e+02, -3.405144992065763176e+01, 1.600000000000000000e+01
-1.769040831089019775e+03, 2.480000000000000000e+02, -2.604242137894303255e+01, 1.574801574802362225e+01
-1.772296379923820496e+03, 2.100000000000000000e+02, 1.196671713864006392e+01, 1.449137674618943805e+01
-1.775551949501037598e+03, 2.330000000000000000e+02, -1.102403263311859405e+01, 1.526433752247374720e+01
-1.778807422995567322e+03, 2.230000000000000000e+02, -1.014669261353105867e+00, 1.493318452306807842e+01
-1.782062917232513428e+03, 2.430000000000000000e+02, -2.100519060727162923e+01, 1.558845726811989607e+01
-1.785318548321723938e+03, 1.890000000000000000e+02, 3.300440552148580764e+01, 1.374772708486752038e+01
-1.788574200034141541e+03, 1.940000000000000000e+02, 2.801412067698311148e+01, 1.392838827718411920e+01
-1.791829872250556946e+03, 2.270000000000000000e+02, -4.976043211427708002e+00, 1.506651917331936374e+01
-1.795085448741912842e+03, 2.110000000000000000e+02, 1.103391547063503708e+01, 1.452583904633394951e+01
-1.798341162085533142e+03, 2.280000000000000000e+02, -5.956000549692618051e+00, 1.509966887054149964e+01
-1.801596896052360535e+03, 2.480000000000000000e+02, -2.594578956517563029e+01, 1.574801574802362225e+01
-1.804852650523185730e+03, 2.130000000000000000e+02, 9.064550530435610654e+00, 1.459451951932642366e+01
-1.808108309268951416e+03, 2.140000000000000000e+02, 8.075021514918006460e+00, 1.462873883832779320e+01
-1.811363988518714905e+03, 1.980000000000000000e+02, 2.408562595750291280e+01, 1.407124727947028830e+01
-1.814619920969009399e+03, 2.180000000000000000e+02, 4.096366883191848274e+00, 1.476482306023340030e+01
-1.817875641465187073e+03, 2.070000000000000000e+02, 1.510724506158828717e+01, 1.438749456993815912e+01
-1.821131498813629150e+03, 2.270000000000000000e+02, -4.881735992137066660e+00, 1.506651917331936374e+01
-1.824387260198593140e+03, 2.430000000000000000e+02, -2.087057465448447147e+01, 1.558845726811989607e+01
-1.827643158793449402e+03, 2.490000000000000000e+02, -2.685926765847176512e+01, 1.577973383805949936e+01
-1.830899077773094177e+03, 2.500000000000000000e+02, -2.784781287666984895e+01, 1.581138830084189628e+01
-1.834155017256736755e+03, 2.320000000000000000e+02, -9.836207723922427704e+00, 1.523154621172781731e+01
-1.837410861134529114e+03, 2.190000000000000000e+02, 3.175550023577784486e+00, 1.479864858694874208e+01
-1.840666725397109985e+03, 2.180000000000000000e+02, 4.187463485063318558e+00, 1.476482306023340030e+01
-1.843922843098640442e+03, 2.160000000000000000e+02, 6.199536303674165083e+00, 1.469693845669906906e+01
-1.847178748488426208e+03, 2.430000000000000000e+02, -2.078823040722818405e+01, 1.558845726811989607e+01
-1.850434790968894958e+03, 2.310000000000000000e+02, -8.775832434402104809e+00, 1.519868415357066382e+01
-1.853690737485885620e+03, 2.140000000000000000e+02, 8.236732314515393227e+00, 1.462873883832779320e+01
-1.856946937561035156e+03, 2.050000000000000000e+02, 1.724946825041089937e+01, 1.431782106327635340e+01
-1.860202925205230713e+03, 2.270000000000000000e+02, -4.737623321232945273e+00, 1.506651917331936374e+01
-1.863459049940109253e+03, 2.240000000000000000e+02, -1.724537818265901024e+00, 1.496662954709576532e+01
-1.866715078830718994e+03, 2.200000000000000000e+02, 2.288727108766352103e+00, 1.483239697419132597e+01
-1.869971244692802429e+03, 2.430000000000000000e+02, -2.069782422347273609e+01, 1.558845726811989607e+01
-1.873227431058883667e+03, 2.220000000000000000e+02, 3.158111671123435826e-01, 1.489966442575133954e+01
-1.876483521699905396e+03, 2.270000000000000000e+02, -4.670363675310028384e+00, 1.506651917331936374e+01
-1.879739749312400818e+03, 2.110000000000000000e+02, 1.134365586884950972e+01, 1.452583904633394951e+01
-1.882995880961418152e+03, 2.650000000000000000e+02, -4.264212747847295759e+01, 1.627882059609970611e+01
-1.886252266168594360e+03, 2.290000000000000000e+02, -6.627708358898161123e+00, 1.513274595042155646e+01
-1.889508439064025879e+03, 2.120000000000000000e+02, 1.038691508573458577e+01, 1.456021977856103611e+01
-1.892764748811721802e+03, 2.320000000000000000e+02, -9.598251563549297316e+00, 1.523154621172781731e+01
-1.896020962715148926e+03, 2.240000000000000000e+02, -1.583205236826415785e+00, 1.496662954709576532e+01
-1.899277313828468323e+03, 2.270000000000000000e+02, -4.567940617323984043e+00, 1.506651917331936374e+01
-1.902533685445785522e+03, 2.460000000000000000e+02, -2.355245388712356203e+01, 1.568438714135812262e+01
-1.905789961099624634e+03, 2.450000000000000000e+02, -2.253674114181029609e+01, 1.565247584249852864e+01
-1.909046373963356018e+03, 2.110000000000000000e+02, 1.147920333529094705e+01, 1.452583904633394951e+01
-1.912302690744400024e+03, 2.590000000000000000e+02, -3.650461688158526385e+01, 1.609347693943108126e+01
-1.915559261083602905e+03, 2.460000000000000000e+02, -2.348819519597552130e+01, 1.568438714135812262e+01
-1.918815619230270386e+03, 2.380000000000000000e+02, -1.547152897636800617e+01, 1.542724862054151203e+01
-1.922072114109992981e+03, 2.160000000000000000e+02, 6.545388668691884959e+00, 1.469693845669906906e+01
-1.925328513264656067e+03, 2.130000000000000000e+02, 9.562561793477243555e+00, 1.459451951932642366e+01
-1.928585165977478027e+03, 2.300000000000000000e+02, -7.420002335296857154e+00, 1.516575088810310135e+01
-1.931841606259346008e+03, 2.410000000000000000e+02, -1.840230064833068013e+01, 1.552417469626002422e+01
-1.935098183751106262e+03, 2.390000000000000000e+02, -1.638432553585104756e+01, 1.545962483374030683e+01
-1.938354665160179138e+03, 2.360000000000000000e+02, -1.336607239760868993e+01, 1.536229149573721564e+01
-1.941611167192459106e+03, 2.160000000000000000e+02, 6.652465464170433052e+00, 1.469693845669906906e+01
-1.944867922902107239e+03, 2.180000000000000000e+02, 4.671295642990145325e+00, 1.476482306023340030e+01
-1.948124465942382812e+03, 2.040000000000000000e+02, 1.869042186169116349e+01, 1.428285685708570085e+01
-1.951381146192550659e+03, 2.550000000000000000e+02, -3.229014723122179475e+01, 1.596871942267131139e+01
-1.954637730598449707e+03, 2.260000000000000000e+02, -3.270406219861939690e+00, 1.503329637837290811e+01
-1.957894568562507629e+03, 1.960000000000000000e+02, 2.674965404219281595e+01, 1.400000000000000000e+01
-1.961151193976402283e+03, 2.190000000000000000e+02, 3.770037907316805104e+00, 1.479864858694874208e+01
-1.964407956719398499e+03, 2.200000000000000000e+02, 2.790754991900712412e+00, 1.483239697419132597e+01
-1.967664623379707336e+03, 2.210000000000000000e+02, 1.811811483217326213e+00, 1.486606874731850603e+01
-1.970921310663223267e+03, 2.220000000000000000e+02, 8.332160269148971565e-01, 1.489966442575133954e+01
-1.974178251504898071e+03, 2.020000000000000000e+02, 2.085497834820398566e+01, 1.421267040355189515e+01
-1.977434979915618896e+03, 2.250000000000000000e+02, -2.122896254040654185e+00, 1.500000000000000000e+01
-1.980691845297813416e+03, 2.280000000000000000e+02, -5.100396746574006102e+00, 1.509966887054149964e+01
-1.983948614954948425e+03, 2.140000000000000000e+02, 8.922484218418588853e+00, 1.462873883832779320e+01
-1.987205638170242310e+03, 2.210000000000000000e+02, 1.945758359623567912e+00, 1.486606874731850603e+01
-1.990462390542030334e+03, 2.580000000000000000e+02, -3.503056853828721273e+01, 1.606237840420901009e+01
-1.993719338417053223e+03, 2.310000000000000000e+02, -8.006483252554460250e+00, 1.519868415357066382e+01
-1.996976190447807312e+03, 2.210000000000000000e+02, 2.018022251445643178e+00, 1.486606874731850603e+01
-2.000233295798301697e+03, 2.110000000000000000e+02, 1.204296114027692965e+01, 1.452583904633394951e+01
-2.003490188956260681e+03, 2.210000000000000000e+02, 2.068340716981538208e+00, 1.486606874731850603e+01
-2.006747102737426758e+03, 2.060000000000000000e+02, 1.709417398144165645e+01, 1.435270009440732331e+01
-2.010004153490066528e+03, 2.090000000000000000e+02, 1.412047349584173617e+01, 1.445683229480096088e+01
-2.013261108398437500e+03, 2.130000000000000000e+02, 1.014724939248793589e+01, 1.459451951932642366e+01
-2.016518316745758057e+03, 2.540000000000000000e+02, -3.082548300329509061e+01, 1.593737745050922783e+01
-2.019775312900543213e+03, 2.190000000000000000e+02, 4.202285270152600560e+00, 1.479864858694874208e+01
-2.023032446026802063e+03, 2.320000000000000000e+02, -8.769429525938932102e+00, 1.523154621172781731e+01
-2.026289483308792114e+03, 2.030000000000000000e+02, 2.025938436807260246e+01, 1.424780684877500647e+01
-2.029546773910522461e+03, 2.320000000000000000e+02, -8.711255655737716097e+00, 1.523154621172781731e+01
-2.032803852438926697e+03, 2.330000000000000000e+02, -9.681339005039063750e+00, 1.526433752247374720e+01
-2.036060951471328735e+03, 2.320000000000000000e+02, -8.650848280191809181e+00, 1.523154621172781731e+01
-2.039318187475204468e+03, 2.300000000000000000e+02, -6.619766475380203019e+00, 1.516575088810310135e+01
-2.042575327754020691e+03, 2.380000000000000000e+02, -1.458807934041345789e+01, 1.542724862054151203e+01
-2.045832721471786499e+03, 2.180000000000000000e+02, 5.444233640080284431e+00, 1.476482306023340030e+01
-2.049089902877807617e+03, 2.480000000000000000e+02, -2.452281442767812791e+01, 1.574801574802362225e+01
-2.052347221136093140e+03, 2.310000000000000000e+02, -7.489201646871151752e+00, 1.519868415357066382e+01
-2.055604443788528442e+03, 2.400000000000000000e+02, -1.645491131491596093e+01, 1.549193338482966809e+01
-2.058861919999122620e+03, 2.120000000000000000e+02, 1.158008012112202323e+01, 1.456021977856103611e+01
-2.062119183659553528e+03, 2.120000000000000000e+02, 1.161578826573688161e+01, 1.456021977856103611e+01
-2.065376467943191528e+03, 2.300000000000000000e+02, -6.347762981529541548e+00, 1.516575088810310135e+01
-2.068633889436721802e+03, 2.260000000000000000e+02, -2.310550005422129516e+00, 1.503329637837290811e+01
-2.071891214966773987e+03, 2.240000000000000000e+02, -2.725523083132657121e-01, 1.496662954709576532e+01
-2.075148794054985046e+03, 2.310000000000000000e+02, -7.233741671009966012e+00, 1.519868415357066382e+01
-2.078406160831451416e+03, 2.450000000000000000e+02, -2.119409856337117048e+01, 1.565247584249852864e+01
-2.081663664579391479e+03, 2.580000000000000000e+02, -3.415359266558365903e+01, 1.606237840420901009e+01
-2.084921072483062744e+03, 2.360000000000000000e+02, -1.211219967518769636e+01, 1.536229149573721564e+01
-2.088178733944892883e+03, 2.040000000000000000e+02, 1.993011323744968877e+01, 1.428285685708570085e+01
-2.091436182975769043e+03, 2.210000000000000000e+02, 2.973369560167753889e+00, 1.486606874731850603e+01
-2.094693769335746765e+03, 2.350000000000000000e+02, -1.098239530772750072e+01, 1.532970971675589134e+01
-2.097951259613037109e+03, 2.310000000000000000e+02, -6.937152400971115185e+00, 1.519868415357066382e+01
-2.101208770394325256e+03, 2.400000000000000000e+02, -1.589086661784870103e+01, 1.549193338482966809e+01
-2.104466534852981567e+03, 2.140000000000000000e+02, 1.015650048606127598e+01, 1.462873883832779320e+01
-2.107724086999893188e+03, 2.410000000000000000e+02, -1.679502128812870865e+01, 1.552417469626002422e+01
-2.110981776118278503e+03, 2.160000000000000000e+02, 8.254611420949004241e+00, 1.469693845669906906e+01
-2.114239369392395020e+03, 2.330000000000000000e+02, -8.694564975445445043e+00, 1.526433752247374720e+01
-2.117497216343879700e+03, 1.900000000000000000e+02, 3.435749683833270751e+01, 1.378404875209022151e+01
-2.120754850745201111e+03, 2.340000000000000000e+02, -9.589166853247490963e+00, 1.529705854077835525e+01
-2.124012622356414795e+03, 2.170000000000000000e+02, 7.465495395788849464e+00, 1.473091986265623454e+01
-2.127270298123359680e+03, 2.330000000000000000e+02, -8.478472368721241992e+00, 1.526433752247374720e+01
-2.130528110861778259e+03, 2.250000000000000000e+02, -4.210158854412782148e-01, 1.500000000000000000e+01
-2.133785944342613220e+03, 2.300000000000000000e+02, -5.362084435088235068e+00, 1.516575088810310135e+01
-2.137043681740760803e+03, 2.110000000000000000e+02, 1.369837506101643498e+01, 1.452583904633394951e+01
-2.140301556348800659e+03, 2.260000000000000000e+02, -1.239575056794251395e+00, 1.503329637837290811e+01
-2.143559334993362427e+03, 2.150000000000000000e+02, 9.824121683923948467e+00, 1.466287829861517977e+01
-2.146817367315292358e+03, 2.210000000000000000e+02, 3.889536214214672327e+00, 1.486606874731850603e+01
-2.150075187206268311e+03, 2.300000000000000000e+02, -5.043273544168187073e+00, 1.516575088810310135e+01
-2.153333144307136536e+03, 2.330000000000000000e+02, -7.974229706116119587e+00, 1.526433752247374720e+01
-2.156591005444526672e+03, 2.350000000000000000e+02, -9.903262737274417304e+00, 1.532970971675589134e+01
-2.159849120020866394e+03, 2.180000000000000000e+02, 7.169713512521980192e+00, 1.476482306023340030e+01
-2.163107022404670715e+03, 2.240000000000000000e+02, 1.244771254038312236e+00, 1.496662954709576532e+01
-2.166364945411682129e+03, 2.550000000000000000e+02, -2.967799724544522633e+01, 1.596871942267131139e+01
-2.169623005390167236e+03, 2.260000000000000000e+02, -5.984971888122458950e-01, 1.503329637837290811e+01
-2.172880969524383545e+03, 2.400000000000000000e+02, -1.451663722060573036e+01, 1.549193338482966809e+01
-2.176139187216758728e+03, 2.680000000000000000e+02, -4.243230591751176917e+01, 1.637070554374490072e+01
-2.179397192597389221e+03, 2.300000000000000000e+02, -4.345406978063948600e+00, 1.516575088810310135e+01
-2.182655335187911987e+03, 2.250000000000000000e+02, 7.441834082358980140e-01, 1.500000000000000000e+01
-2.185913381695747375e+03, 2.250000000000000000e+02, 8.365801549759055433e-01, 1.500000000000000000e+01
-2.189171681880950928e+03, 2.450000000000000000e+02, -1.906807813031639398e+01, 1.565247584249852864e+01
-2.192429769635200500e+03, 2.110000000000000000e+02, 1.503033116254169954e+01, 1.452583904633394951e+01
-2.195687878131866455e+03, 2.490000000000000000e+02, -2.286804071492568369e+01, 1.577973383805949936e+01
-2.198946123600006104e+03, 2.450000000000000000e+02, -1.876303650278808277e+01, 1.565247584249852864e+01
-2.202204389691352844e+03, 2.330000000000000000e+02, -6.654496706817610630e+00, 1.526433752247374720e+01
-2.205462676525115967e+03, 2.360000000000000000e+02, -9.542247920365184655e+00, 1.536229149573721564e+01
-2.208720867276191711e+03, 2.350000000000000000e+02, -8.426109831052912114e+00, 1.532970971675589134e+01
-2.211979195237159729e+03, 2.200000000000000000e+02, 6.694122448167405537e+00, 1.483239697419132597e+01
-2.215237427353858948e+03, 2.270000000000000000e+02, -1.813501249646094493e-01, 1.506651917331936374e+01
-2.218495912909507751e+03, 2.220000000000000000e+02, 4.947709666087831692e+00, 1.489966442575133954e+01
-2.221754186272621155e+03, 2.400000000000000000e+02, -1.291847778596485341e+01, 1.549193338482966809e+01
-2.225012538433074951e+03, 2.570000000000000000e+02, -2.977964558595948574e+01, 1.603121954188139853e+01
-2.228270852923393250e+03, 2.380000000000000000e+02, -1.063552548394017094e+01, 1.542724862054151203e+01
-2.231529304504394531e+03, 1.960000000000000000e+02, 3.151418306237380307e+01, 1.400000000000000000e+01
-2.234787776827812195e+03, 2.030000000000000000e+02, 2.466978883252363630e+01, 1.424780684877500647e+01
-2.238046153187751770e+03, 2.300000000000000000e+02, -2.168377225161037813e+00, 1.516575088810310135e+01
-2.241304666638374329e+03, 2.400000000000000000e+02, -1.199994157443745735e+01, 1.549193338482966809e+01
-2.244563200831413269e+03, 2.430000000000000000e+02, -1.482452048955190094e+01, 1.558845726811989607e+01
-2.247821755528450012e+03, 2.230000000000000000e+02, 5.358305383276160683e+00, 1.493318452306807842e+01
-2.251080214262008667e+03, 2.070000000000000000e+02, 2.154898126629140620e+01, 1.438749456993815912e+01
-2.254338810324668884e+03, 2.150000000000000000e+02, 1.374800896099921488e+01, 1.466287829861517977e+01
-2.257597310304641724e+03, 2.290000000000000000e+02, -4.409816165357938189e-02, 1.513274595042155646e+01
-2.260855947375297546e+03, 2.280000000000000000e+02, 1.173245864674129280e+00, 1.509966887054149964e+01
-2.264114605307579041e+03, 2.060000000000000000e+02, 2.340065273808727397e+01, 1.435270009440732331e+01
-2.267373167157173157e+03, 2.100000000000000000e+02, 1.963878544013493865e+01, 1.449137674618943805e+01
-2.270631866216659546e+03, 2.600000000000000000e+02, -3.011160896151801580e+01, 1.612451549659709826e+01
-2.273890585899353027e+03, 2.510000000000000000e+02, -2.084974420352199331e+01, 1.584297951775485913e+01
-2.277149326205253601e+03, 2.620000000000000000e+02, -3.157475412710002161e+01, 1.618641405623864671e+01
-2.280407970547676086e+03, 2.070000000000000000e+02, 2.371429632770951912e+01, 1.438749456993815912e+01
-2.283666752099990845e+03, 2.380000000000000000e+02, -6.981538034031302686e+00, 1.542724862054151203e+01
-2.286925554156303406e+03, 2.080000000000000000e+02, 2.333886552361084910e+01, 1.442220510185595650e+01
-2.290184260368347168e+03, 2.130000000000000000e+02, 1.867673771083175893e+01, 1.459451951932642366e+01
-2.293443103909492493e+03, 2.310000000000000000e+02, 1.033469250644856174e+00, 1.519868415357066382e+01
-2.296701851367950439e+03, 2.340000000000000000e+02, -1.589460356212526904e+00, 1.529705854077835525e+01
-2.299960735917091370e+03, 2.240000000000000000e+02, 8.809636870860572344e+00, 1.496662954709576532e+01
-2.303219641208648682e+03, 2.510000000000000000e+02, -1.776741534208093753e+01, 1.584297951775485913e+01
-2.306478567004203796e+03, 2.270000000000000000e+02, 6.681418454814632923e+00, 1.506651917331936374e+01
-2.309737397074699402e+03, 2.170000000000000000e+02, 1.715838132772535118e+01, 1.473091986265623454e+01
-2.312996364235877991e+03, 2.280000000000000000e+02, 6.666023686667529091e+00, 1.509966887054149964e+01
-2.316255351901054382e+03, 2.300000000000000000e+02, 5.207136846619363268e+00, 1.516575088810310135e+01
-2.319514360308647156e+03, 2.130000000000000000e+02, 2.278486177023745540e+01, 1.459451951932642366e+01
-2.322773272752761841e+03, 2.210000000000000000e+02, 1.540269824511034358e+01, 1.486606874731850603e+01
-2.326032205820083618e+03, 2.360000000000000000e+02, 1.064627453460786910e+00, 1.536229149573721564e+01
-2.329291275978088379e+03, 2.590000000000000000e+02, -2.122485677420087313e+01, 1.609347693943108126e+01
-2.332550366997718811e+03, 2.230000000000000000e+02, 1.553927700024777891e+01, 1.493318452306807842e+01
-2.335809478402137756e+03, 2.380000000000000000e+02, 1.362764042924510477e+00, 1.542724862054151203e+01
-2.339068493962287903e+03, 2.420000000000000000e+02, -1.747898790654005552e+00, 1.555634918610404505e+01
-2.342327646732330322e+03, 2.290000000000000000e+02, 1.221481207452197282e+01, 1.513274595042155646e+01
-2.345586820125579834e+03, 2.580000000000000000e+02, -1.574057965248735513e+01, 1.606237840420901009e+01
-2.348846014142036438e+03, 2.710000000000000000e+02, -2.760422720920485062e+01, 1.646207763315432970e+01
-2.352105112314224243e+03, 2.430000000000000000e+02, 1.635203818306962376e+00, 1.558845726811989607e+01
-2.355364230990409851e+03, 2.510000000000000000e+02, -5.009038876180454736e+00, 1.584297951775485913e+01
-2.358623603343963623e+03, 2.420000000000000000e+02, 5.478558477140808236e+00, 1.555634918610404505e+01
-2.361882763385772705e+03, 2.450000000000000000e+02, 4.115831214659550596e+00, 1.565247584249852864e+01
-2.365142060518264771e+03, 2.410000000000000000e+02, 9.924203244852378702e+00, 1.552417469626002422e+01
-2.368401261806488037e+03, 2.510000000000000000e+02, 1.928715344643848084e+00, 1.584297951775485913e+01
-2.371660600304603577e+03, 2.510000000000000000e+02, 4.159492243247257193e+00, 1.584297951775485913e+01
-2.374919959306716919e+03, 2.720000000000000000e+02, -1.434759959967988152e+01, 1.649242250247064234e+01
-2.378179338932037354e+03, 2.280000000000000000e+02, 3.245079616865064054e+01, 1.509966887054149964e+01
-2.381438622713088989e+03, 2.520000000000000000e+02, 1.160724496239703285e+01, 1.587450786638754430e+01
-2.384698043704032898e+03, 2.410000000000000000e+02, 2.618648461476306011e+01, 1.552417469626002422e+01
-2.387957485198974609e+03, 2.850000000000000000e+02, -1.373193844696498900e+01, 1.688194301613413373e+01
-2.391216830849647522e+03, 2.890000000000000000e+02, -1.304898095907185507e+01, 1.700000000000000000e+01
-2.394476313710212708e+03, 2.740000000000000000e+02, 7.360480888327742832e+00, 1.655294535724684835e+01
-2.397735700726509094e+03, 2.950000000000000000e+02, -7.345362133493097190e+00, 1.717556403731766679e+01
-2.400995341420173645e+03, 2.920000000000000000e+02, 3.038035531718151105e+00, 1.708800749063506075e+01
-2.404254769563674927e+03, 2.890000000000000000e+02, 1.477474129341948128e+01, 1.700000000000000000e+01
-2.407514334917068481e+03, 2.830000000000000000e+02, 3.121505753532278504e+01, 1.682260384126072239e+01
-2.410773804306983948e+03, 3.280000000000000000e+02, -1.174748952574475425e+00, 1.811077027627483460e+01
-2.414033411026000977e+03, 3.550000000000000000e+02, -1.276026102713296950e+01, 1.884144368141677361e+01
-2.417293038368225098e+03, 3.890000000000000000e+02, -2.766935251630332004e+01, 1.972308292331602075e+01
-2.420552569746971130e+03, 3.770000000000000000e+02, 8.316659918471145829e+00, 1.941648783894759944e+01
-2.423812238335609436e+03, 3.930000000000000000e+02, 2.292600868434362837e+01, 1.982422760159900932e+01
-2.427071810960769653e+03, 4.590000000000000000e+02, -3.382530161894010234e+00, 2.142428528562854950e+01
-2.430331637501716614e+03, 5.100000000000000000e+02, -2.116711703883424889e+00, 2.258317958127242875e+01
-2.433591251373291016e+03, 5.670000000000000000e+02, 1.049724016050902264e+01, 2.381176179958131556e+01
-2.436851002454757690e+03, 6.610000000000000000e+02, 9.465224712661438389e+00, 2.570992026436488231e+01
-2.440110657572746277e+03, 7.570000000000000000e+02, 3.581187072952263861e+01, 2.751363298439520833e+01
-2.443370450019836426e+03, 9.160000000000000000e+02, 3.114960494898571142e+01, 3.026549190084311292e+01
-2.446630263090133667e+03, 1.217000000000000000e+03, -9.055831917817477006e+01, 3.488552708502481892e+01
-2.449890096783638000e+03, 1.323000000000000000e+03, -1.529355929425219074e+01, 3.637306695894642417e+01
-2.453149834513664246e+03, 1.456000000000000000e+03, -3.517884039328919243e+00, 3.815756805667782459e+01
-2.456409592866897583e+03, 1.512000000000000000e+03, 8.079389421095584112e+00, 3.888444419044716227e+01
-2.459669605135917664e+03, 1.466000000000000000e+03, 2.284967646860877721e+01, 3.828837943815329226e+01
-2.462929346442222595e+03, 1.382000000000000000e+03, -1.254156667754159571e+01, 3.717526059088221047e+01
-2.466189283370971680e+03, 1.146000000000000000e+03, 5.211468588913885469e+01, 3.385262175962151332e+01
-2.469449124217033386e+03, 1.038000000000000000e+03, -2.187215148364191464e+01, 3.221800738717402623e+01
-2.472709218978881836e+03, 8.360000000000000000e+02, 1.653662290830993697e+01, 2.891366458960192176e+01
-2.475969101309776306e+03, 7.290000000000000000e+02, -9.462474494698881244e+00, 2.700000000000000000e+01
-2.479229120850563049e+03, 6.040000000000000000e+02, 1.320929300649083871e+01, 2.457641145488901557e+01
-2.482489044308662415e+03, 6.050000000000000000e+02, -6.469213064457721885e+01, 2.459674775249768786e+01
-2.485748988389968872e+03, 5.160000000000000000e+02, -3.331915126923593107e+01, 2.271563338320109438e+01
-2.489009186506271362e+03, 4.630000000000000000e+02, -2.387198457860625922e+01, 2.151743479135001280e+01
-2.492269171953201294e+03, 3.950000000000000000e+02, 1.076821891965983014e+01, 1.987460691435179072e+01
-2.495529294610023499e+03, 3.830000000000000000e+02, -3.172664498566973634e+00, 1.957038579078092511e+01
-2.498789321303367615e+03, 3.670000000000000000e+02, -7.639625271257784789e+00, 1.915724406066801677e+01
-2.502049601912498474e+03, 3.420000000000000000e+02, 9.925793647063301250e-01, 1.849324200890692893e+01
-2.505309669971466064e+03, 3.530000000000000000e+02, -2.325214809275485095e+01, 1.878829422805593552e+01
-2.508569875240325928e+03, 3.260000000000000000e+02, -7.082566409375317562e+00, 1.805547008526778896e+01
-2.511829984545707703e+03, 3.020000000000000000e+02, 7.983496985903684617e+00, 1.737814719698276633e+01
-2.515090114593505859e+03, 2.870000000000000000e+02, 1.555982388526956584e+01, 1.694107434609741603e+01
-2.518350498437881470e+03, 2.980000000000000000e+02, -1.644840392018295461e+00, 1.726267650163206824e+01
-2.521610669732093811e+03, 2.930000000000000000e+02, -1.851554741721770370e+00, 1.711724276862369010e+01
-2.524870978116989136e+03, 2.630000000000000000e+02, 2.376789586015314626e+01, 1.621727474022685556e+01
-2.528131190657615662e+03, 2.960000000000000000e+02, -1.291937509680502671e+01, 1.720465053408525335e+01
-2.531391657114028931e+03, 3.110000000000000000e+02, -3.101814117681817606e+01, 1.763519208854839704e+01
-2.534651911020278931e+03, 2.930000000000000000e+02, -1.561020367364983485e+01, 1.711724276862369010e+01
-2.537912302136421204e+03, 2.930000000000000000e+02, -1.776080283848699537e+01, 1.711724276862369010e+01
-2.541172597408294678e+03, 2.930000000000000000e+02, -1.952097785552001596e+01, 1.711724276862369010e+01
-2.544433146357536316e+03, 2.900000000000000000e+02, -1.793099968771582553e+01, 1.702938636592640265e+01
-2.547693482875823975e+03, 3.210000000000000000e+02, -5.002162809553743728e+01, 1.791647286716891685e+01
-2.550953840017318726e+03, 2.520000000000000000e+02, 1.818376677911425077e+01, 1.587450786638754430e+01
-2.554214334368705750e+03, 2.480000000000000000e+02, 2.166858391552784724e+01, 1.574801574802362225e+01
-2.557474732756614685e+03, 2.910000000000000000e+02, -2.157776596178831596e+01, 1.705872210923197940e+01
-2.560735385179519653e+03, 2.650000000000000000e+02, 4.439603368270013561e+00, 1.627882059609970611e+01
-2.563995824933052063e+03, 2.760000000000000000e+02, -6.279083731960838577e+00, 1.661324772583614973e+01
-2.567256401777267456e+03, 2.880000000000000000e+02, -1.772822630105747521e+01, 1.697056274847713908e+01
-2.570516883015632629e+03, 2.730000000000000000e+02, -1.896661714929507525e+00, 1.652271164185830443e+01
-2.573777617812156677e+03, 2.840000000000000000e+02, -1.176695572802651668e+01, 1.685229954635271810e+01
-2.577038140177726746e+03, 2.840000000000000000e+02, -1.031501725379871459e+01, 1.685229954635271810e+01
-2.580298683285713196e+03, 2.790000000000000000e+02, -3.508453442377970077e+00, 1.670329308849006722e+01
-2.583559363484382629e+03, 2.850000000000000000e+02, -7.305190868687532202e+00, 1.688194301613413373e+01
-2.586819947838783264e+03, 2.850000000000000000e+02, -4.651560885795447575e+00, 1.688194301613413373e+01
-2.590080786108970642e+03, 2.490000000000000000e+02, 3.452136695208878336e+01, 1.577973383805949936e+01
-2.593341411709785461e+03, 3.180000000000000000e+02, -3.069944642507903154e+01, 1.783255450012700649e+01
-2.596602174520492554e+03, 2.920000000000000000e+02, -2.019256045498423191e-01, 1.708800749063506075e+01
-2.599862841486930847e+03, 2.870000000000000000e+02, 1.015715393984373804e+01, 1.694107434609741603e+01
-2.603123762369155884e+03, 2.990000000000000000e+02, 4.564382441096768162e+00, 1.729161646579058242e+01
-2.606384470582008362e+03, 3.220000000000000000e+02, -1.073790363800719661e+01, 1.794435844492636178e+01
-2.609645316243171692e+03, 3.030000000000000000e+02, 1.757292391104681428e+01, 1.740689518552921200e+01
-2.612906065821647644e+03, 3.090000000000000000e+02, 2.292754772643627348e+01, 1.757839583124694727e+01
-2.616166836023330688e+03, 3.370000000000000000e+02, 8.912459755036309161e+00, 1.835755975068581947e+01
-2.619427860260009766e+03, 3.270000000000000000e+02, 3.633737663190623834e+01, 1.808314132002512409e+01
-2.622688671827316284e+03, 3.810000000000000000e+02, 4.330529211773580300e+00, 1.951922129594313660e+01
-2.625949620604515076e+03, 3.980000000000000000e+02, 1.549490704255123319e+01, 1.994993734326000379e+01
-2.629210473418235779e+03, 4.210000000000000000e+02, 2.910862778243892990e+01, 2.051828452868319275e+01
-2.632471580386161804e+03, 4.350000000000000000e+02, 6.340021789051854739e+01, 2.085665361461420986e+01
-2.635732474565505981e+03, 5.490000000000000000e+02, 1.376122313672556174e+01, 2.343074902771996193e+01
-2.638993506073951721e+03, 6.300000000000000000e+02, 1.865789088552219255e+01, 2.509980079602226510e+01
-2.642254441618919373e+03, 6.830000000000000000e+02, 7.842568518127382049e+01, 2.613426869074395853e+01
-2.645515397787094116e+03, 8.370000000000000000e+02, 6.598652698528871952e+01, 2.893095228297886479e+01
-2.648776607871055603e+03, 9.510000000000000000e+02, 1.151029950042150176e+02, 3.083828789021854888e+01
-2.652037605524063110e+03, 1.095000000000000000e+03, 1.337987254192246382e+02, 3.309078421554859517e+01
-2.655298740267753601e+03, 1.256000000000000000e+03, 9.952996571360381495e+01, 3.544009029333869876e+01
-2.658559779167175293e+03, 1.322000000000000000e+03, 8.790674047245784095e+01, 3.635931792539568619e+01
-2.661821071863174438e+03, 1.252000000000000000e+03, 1.221102639377377272e+02, 3.538361202590826338e+01
-2.665082152128219604e+03, 1.167000000000000000e+03, 9.291263720341453336e+01, 3.416138170507744576e+01
-2.668343369603157043e+03, 1.001000000000000000e+03, 1.003079248219037254e+02, 3.163858403911275019e+01
-2.671604491114616394e+03, 8.410000000000000000e+02, 9.457212485966658733e+01, 2.900000000000000000e+01
-2.674865749955177307e+03, 7.260000000000000000e+02, 6.208861830747889599e+01, 2.694438717061495936e+01
-2.678127029538154602e+03, 6.570000000000000000e+02, 1.194338819108656935e+01, 2.563201123595259290e+01
-2.681388213038444519e+03, 4.830000000000000000e+02, 9.463376085412028260e+01, 2.197726097583591098e+01
-2.684649533748626709e+03, 4.770000000000000000e+02, 3.215099700855853371e+01, 2.184032966784155505e+01
-2.687910758614540100e+03, 4.300000000000000000e+02, 2.788357410539464354e+01, 2.073644135332772009e+01
-2.691172237396240234e+03, 4.140000000000000000e+02, 5.148572681260134232e+00, 2.034698994937580352e+01
-2.694433503627777100e+03, 3.950000000000000000e+02, -5.522806003038908784e+00, 1.987460691435179072e+01
-2.697694907188415527e+03, 3.450000000000000000e+02, 2.139855196221128608e+01, 1.857417562100670949e+01
-2.700956156373023987e+03, 3.260000000000000000e+02, 2.218340277709279462e+01, 1.805547008526778896e+01
-2.704217717766761780e+03, 3.540000000000000000e+02, -2.039045710463108207e+01, 1.881488772222677852e+01
-2.707479066729545593e+03, 3.360000000000000000e+02, -1.418975256258289619e+01, 1.833030277982335932e+01
-2.710740436315536499e+03, 2.740000000000000000e+02, 3.815624026818642278e+01, 1.655294535724684835e+01
-2.714001943111419678e+03, 2.810000000000000000e+02, 2.318655989293085895e+01, 1.676305461424021104e+01
-2.717263470768928528e+03, 3.090000000000000000e+02, -1.144123861816558474e+01, 1.757839583124694727e+01
-2.720525018811225891e+03, 2.980000000000000000e+02, -5.985667660294268444e+00, 1.726267650163206824e+01
-2.723786471128463745e+03, 2.800000000000000000e+02, 7.356108673473670478e+00, 1.673320053068151125e+01
-2.727048060655593872e+03, 2.930000000000000000e+02, -9.568465310902411147e+00, 1.711724276862369010e+01
-2.730309554338455200e+03, 2.740000000000000000e+02, 6.122381860932705422e+00, 1.655294535724684835e+01
-2.733571301817893982e+03, 2.860000000000000000e+02, -8.664624852179656500e+00, 1.691153452528776313e+01
-2.736832836747169495e+03, 2.570000000000000000e+02, 1.799764159094308980e+01, 1.603121954188139853e+01
-2.740094392418861389e+03, 2.600000000000000000e+02, 1.305106259942527913e+01, 1.612451549659709826e+01
-2.743356085300445557e+03, 2.670000000000000000e+02, 4.449877120557914623e+00, 1.634013463836819113e+01
-2.746617798805236816e+03, 3.020000000000000000e+02, -3.184170717143103957e+01, 1.737814719698276633e+01
-2.749879533171653748e+03, 2.810000000000000000e+02, -1.185144836241767052e+01, 1.676305461424021104e+01
-2.753141171455383301e+03, 2.570000000000000000e+02, 1.139975653744568262e+01, 1.603121954188139853e+01
-2.756402947068214417e+03, 2.940000000000000000e+02, -2.610313772394812304e+01, 1.714642819948224783e+01
-2.759664626836776733e+03, 2.790000000000000000e+02, -1.136977949244214869e+01, 1.670329308849006722e+01
-2.762926560401916504e+03, 2.690000000000000000e+02, -1.404937596847730674e+00, 1.640121946685672683e+01
-2.766188281416893005e+03, 2.800000000000000000e+02, -1.220858258073491243e+01, 1.673320053068151125e+01
-2.769450139880180359e+03, 2.650000000000000000e+02, 3.224151067324271480e+00, 1.627882059609970611e+01
-2.772711902260780334e+03, 2.680000000000000000e+02, 9.031933422944007361e-01, 1.637070554374490072e+01
-2.775973801851272583e+03, 2.960000000000000000e+02, -2.615582843687326431e+01, 1.720465053408525335e+01
-2.779235722422599792e+03, 2.690000000000000000e+02, 2.069058901099310788e+00, 1.640121946685672683e+01
-2.782497546672821045e+03, 2.680000000000000000e+02, 4.607348051107237552e+00, 1.637070554374490072e+01
-2.785759508371353149e+03, 2.580000000000000000e+02, 1.649786355654077852e+01, 1.606237840420901009e+01
-2.789021490931510925e+03, 2.830000000000000000e+02, -6.209364228216827541e+00, 1.682260384126072239e+01
-2.792283493995666504e+03, 2.730000000000000000e+02, 6.550130112478598221e+00, 1.652271164185830443e+01
-2.795545401096343994e+03, 2.790000000000000000e+02, 3.859229159456106117e+00, 1.670329308849006722e+01
-2.798807445645332336e+03, 2.630000000000000000e+02, 2.382549214390110137e+01, 1.621727474022685556e+01
-2.802069394111633301e+03, 2.980000000000000000e+02, -6.411658656642032383e+00, 1.726267650163206824e+01
-2.805331479907035828e+03, 3.340000000000000000e+02, -3.666833334794591792e+01, 1.827566688249706672e+01
-2.808593586564064026e+03, 2.900000000000000000e+02, 1.429913424736213301e+01, 1.702938636592640265e+01
-2.811855597138404846e+03, 3.050000000000000000e+02, 7.818386212641541988e+00, 1.746424919657297892e+01
-2.815117744922637939e+03, 3.300000000000000000e+02, -6.662677605394037528e+00, 1.816590212458494946e+01
-2.818379913568496704e+03, 3.450000000000000000e+02, -8.525476111486455011e+00, 1.857417562100670949e+01
-2.821642102837562561e+03, 3.470000000000000000e+02, 6.098068823550647721e+00, 1.862793601019715695e+01
-2.824904196143150330e+03, 4.240000000000000000e+02, -4.956183652752622493e+01, 2.059126028197400160e+01
-2.828166426777839661e+03, 4.270000000000000000e+02, -2.475154039226515579e+01, 2.066397831977182520e+01
-2.831428678154945374e+03, 4.500000000000000000e+02, -1.100893497722370284e+01, 2.121320343559642652e+01
-2.834690950155258179e+03, 5.300000000000000000e+02, -4.202845214673732244e+01, 2.302172886644267535e+01
-2.837953126192092896e+03, 5.720000000000000000e+02, -1.886746659595405617e+01, 2.391652148620279661e+01
-2.841215322852134705e+03, 6.540000000000000000e+02, -1.606672249753523829e+01, 2.557342370508884244e+01
-2.844477656960487366e+03, 7.910000000000000000e+02, -4.843056512987470796e+01, 2.812472222085046525e+01
-2.847740011692047119e+03, 8.260000000000000000e+02, 3.365451372192728741e+01, 2.874021572639982836e+01
-2.851002387166023254e+03, 9.530000000000000000e+02, 1.796874682130589918e+01, 3.087069808086626210e+01
-2.854264666557312012e+03, 1.092000000000000000e+03, -4.192611624246569590e+01, 3.304542328371660886e+01
-2.857527083516120911e+03, 1.185000000000000000e+03, -1.118127340054495562e+02, 3.442382895611701343e+01
-2.860789520978927612e+03, 1.069000000000000000e+03, -3.647276752288439639e+01, 3.269556544854363267e+01
-2.864051979184150696e+03, 9.320000000000000000e+02, 9.242952164662028736e+00, 3.052867504494749440e+01
-2.867314341545104980e+03, 8.400000000000000000e+02, -1.466548434419007663e+01, 2.898275349237887610e+01
-2.870576724410057068e+03, 7.690000000000000000e+02, -5.912447482066431803e+01, 2.773084924772409465e+01
-2.873839244604110718e+03, 6.220000000000000000e+02, -1.186355011243199442e+01, 2.493992782667985253e+01
-2.877101785659790039e+03, 4.780000000000000000e+02, 5.299882507757490657e+01, 2.186321110907544707e+01
-2.880364347219467163e+03, 4.680000000000000000e+02, 2.940376995276778871e+00, 2.163330765278393741e+01
-2.883626812934875488e+03, 4.450000000000000000e+02, -1.889617626214203483e+01, 2.109502310972898798e+01
-2.886889416098594666e+03, 4.060000000000000000e+02, -1.340420392792350412e+01, 2.014944167960988608e+01
-2.890152039766311646e+03, 3.510000000000000000e+02, 1.630307507487850671e+01, 1.873499399519519315e+01
-2.893414684176445007e+03, 3.340000000000000000e+02, 1.395031811237731745e+01, 1.827566688249706672e+01
-2.896677232742309570e+03, 3.300000000000000000e+02, 2.932280049830069402e+00, 1.816590212458494946e+01
-2.899939801812171936e+03, 3.170000000000000000e+02, 4.122773327298432378e+00, 1.780449381476485726e+01
-2.903202624917030334e+03, 3.140000000000000000e+02, -2.272769204279768473e+00, 1.772004514666934938e+01
-2.906465235590934753e+03, 3.020000000000000000e+02, 2.179884362638631501e+00, 1.737814719698276633e+01
-2.909727983474731445e+03, 2.960000000000000000e+02, 2.068860889247957857e+00, 1.720465053408525335e+01
-2.912990635395050049e+03, 3.090000000000000000e+02, -1.590761985700123660e+01, 1.757839583124694727e+01
-2.916253424763679504e+03, 2.600000000000000000e+02, 2.902463933267773655e+01, 1.612451549659709826e+01
-2.919516234755516052e+03, 3.020000000000000000e+02, -1.630457220621570968e+01, 1.737814719698276633e+01
-2.922779065370559692e+03, 2.790000000000000000e+02, 3.974392627333941164e+00, 1.670329308849006722e+01
-2.926041800260543823e+03, 3.090000000000000000e+02, -2.823917733881114600e+01, 1.757839583124694727e+01
-2.929304672241210938e+03, 2.950000000000000000e+02, -1.602408302340478485e+01, 1.717556403731766679e+01
-2.932567564964294434e+03, 2.830000000000000000e+02, -5.442087490277799589e+00, 1.682260384126072239e+01
-2.935830361843109131e+03, 2.930000000000000000e+02, -1.654209960994938911e+01, 1.711724276862369010e+01
-2.939093296051025391e+03, 2.930000000000000000e+02, -1.736309461413151212e+01, 1.711724276862369010e+01
-2.942356075882911682e+03, 2.670000000000000000e+02, 8.064014648259671958e+00, 1.634013463836819113e+01
-2.945619168162345886e+03, 2.790000000000000000e+02, -4.285506885737163429e+00, 1.670329308849006722e+01
-2.948882047772407532e+03, 2.690000000000000000e+02, 5.568843594807049158e+00, 1.640121946685672683e+01
-2.952145064711570740e+03, 2.620000000000000000e+02, 1.261166216087644898e+01, 1.618641405623864671e+01
-2.955407985687255859e+03, 2.910000000000000000e+02, -1.616895405861498602e+01, 1.705872210923197940e+01
-2.958671044230461121e+03, 2.680000000000000000e+02, 7.218045969575086929e+00, 1.637070554374490072e+01
-2.961934123277664185e+03, 2.930000000000000000e+02, -1.723378565895291104e+01, 1.711724276862369010e+01
-2.965197106361389160e+03, 2.730000000000000000e+02, 3.471287496565423680e+00, 1.652271164185830443e+01
-2.968460226893424988e+03, 2.710000000000000000e+02, 6.331052742070767181e+00, 1.646207763315432970e+01
-2.971723251461982727e+03, 2.670000000000000000e+02, 1.134498712614094984e+01, 1.634013463836819113e+01
-2.974986530184745789e+03, 2.900000000000000000e+02, -1.048556915379617749e+01, 1.702938636592640265e+01
-2.978249595999717712e+03, 2.640000000000000000e+02, 1.684205262894488442e+01, 1.624807680927192166e+01
-2.981512799382209778e+03, 3.000000000000000000e+02, -1.766759513152487671e+01, 1.732050807568877460e+01
-2.984775906562805176e+03, 3.010000000000000000e+02, -1.700861332939371096e+01, 1.734935157289747210e+01
-2.988039268016815186e+03, 3.030000000000000000e+02, -1.717317922587625389e+01, 1.740689518552921200e+01
-2.991302416801452637e+03, 3.000000000000000000e+02, -1.215221614163465347e+01, 1.732050807568877460e+01
-2.994565703034400940e+03, 2.560000000000000000e+02, 3.406563805261134803e+01, 1.600000000000000000e+01
-2.997828893184661865e+03, 3.100000000000000000e+02, -1.750665616419803428e+01, 1.760681686165900928e+01
-3.001092103958129883e+03, 3.220000000000000000e+02, -2.685374921694187833e+01, 1.794435844492636178e+01
-3.004355569005012512e+03, 2.910000000000000000e+02, 7.042241357230977883e+00, 1.705872210923197940e+01
-3.007618821263313293e+03, 2.940000000000000000e+02, 7.201251037640645336e+00, 1.714642819948224783e+01
-3.010882210969924927e+03, 2.960000000000000000e+02, 8.646991177519396388e+00, 1.720465053408525335e+01
-3.014145504593849182e+03, 3.400000000000000000e+02, -3.159393745770267969e+01, 1.843908891458577415e+01
-3.017409052371978760e+03, 3.290000000000000000e+02, -1.649028666099826523e+01, 1.813835714721705372e+01
-3.020672387480735779e+03, 3.270000000000000000e+02, -1.000721952176650120e+01, 1.808314132002512409e+01
-3.023935860157012939e+03, 3.050000000000000000e+02, 1.689649936333870528e+01, 1.746424919657297892e+01
-3.027199236512184143e+03, 3.580000000000000000e+02, -3.073244989464501487e+01, 1.892088792842450218e+01
-3.030462633728981018e+03, 3.520000000000000000e+02, -1.883950274535953895e+01, 1.876166303929371892e+01
-3.033726285219192505e+03, 3.220000000000000000e+02, 1.763894075437565334e+01, 1.794435844492636178e+01
-3.036989723920822144e+03, 3.180000000000000000e+02, 2.877544894774325712e+01, 1.783255450012700649e+01
-3.040253299832344055e+03, 3.720000000000000000e+02, -1.734332530617268731e+01, 1.928730152198590986e+01
-3.043516779899597168e+03, 3.460000000000000000e+02, 1.738293823531751059e+01, 1.860107523773827509e+01
-3.046780514121055603e+03, 3.900000000000000000e+02, -1.692574368473589175e+01, 1.974841765813149763e+01
-3.050044035673141479e+03, 3.500000000000000000e+02, 3.387039916630158132e+01, 1.870828693386970798e+01
-3.053307694673538208e+03, 4.100000000000000000e+02, -1.405918503487760063e+01, 2.024845673131658685e+01
-3.056571257591247559e+03, 3.830000000000000000e+02, 2.648662361949664046e+01, 1.957038579078092511e+01
-3.059835074543952942e+03, 4.160000000000000000e+02, 8.753329455630478151e+00, 2.039607805437113797e+01
-3.063098679065704346e+03, 4.720000000000000000e+02, -2.996452767006894646e+01, 2.172556098240043099e+01
-3.066362304091453552e+03, 4.710000000000000000e+02, -9.302270450301307392e+00, 2.170253441421070661e+01
-3.069626066446304321e+03, 4.860000000000000000e+02, -1.809635546836830144e+00, 2.204540768504860182e+01
-3.072889732956886292e+03, 5.170000000000000000e+02, -6.927850916096190304e+00, 2.273763400180414607e+01
-3.076153653621673584e+03, 5.500000000000000000e+02, -9.948329665383880638e+00, 2.345207879911714954e+01
-3.079417361617088318e+03, 6.110000000000000000e+02, -3.597761070126637151e+01, 2.471841418861654915e+01
-3.082681206941604614e+03, 6.150000000000000000e+02, 1.143217415640151557e+00, 2.479919353527449033e+01
-3.085944956302642822e+03, 6.150000000000000000e+02, 4.991670420909565564e+01, 2.479919353527449033e+01
-3.089208959817886353e+03, 7.420000000000000000e+02, -1.866303238849968693e+01, 2.723967694375247106e+01
-3.092472750544548035e+03, 8.200000000000000000e+02, -2.594017138776030151e+01, 2.863564212655270680e+01
-3.095736562132835388e+03, 8.870000000000000000e+02, -6.285802980981316068e+00, 2.978254522367086210e+01
-3.099000511050224304e+03, 9.430000000000000000e+02, 4.531723661360376809e+01, 3.070830506556817596e+01
-3.102264364004135132e+03, 1.109000000000000000e+03, 1.490540668433436622e+01, 3.330165161069342616e+01
-3.105528471112251282e+03, 1.319000000000000000e+03, -2.146288302054904307e+01, 3.631803959466975584e+01
-3.108792365550994873e+03, 1.536000000000000000e+03, -1.236580697732279077e+01, 3.919183588453084610e+01
-3.112056397318840027e+03, 1.807000000000000000e+03, 1.594411756123940904e+01, 4.250882261366456305e+01
-3.115320333242416382e+03, 2.295000000000000000e+03, -7.066258028025276872e+01, 4.790615826801393951e+01
-3.118584523081779480e+03, 2.730000000000000000e+03, 3.495627397748557996e+01, 5.224940191045252647e+01
-3.121848500490188599e+03, 3.455000000000000000e+03, 2.840551504532095350e+01, 5.877924803874238080e+01
-3.125112498521804810e+03, 4.444000000000000000e+03, -4.498764663796373497e+01, 6.666333324999582999e+01
-3.128376633882522583e+03, 5.485000000000000000e+03, -1.258955180493740045e+01, 7.406078584514209240e+01
-3.131640673279762268e+03, 6.436000000000000000e+03, 1.278001467603762649e+02, 8.022468448052632084e+01
-3.134904966950416565e+03, 7.552000000000000000e+03, -1.178095349585901204e+02, 8.690224392960172395e+01
-3.138169047832489014e+03, 7.854000000000000000e+03, -2.498320353681992856e+01, 8.862279616441810504e+01
-3.141433266043663025e+03, 7.599000000000000000e+03, 1.666934477033100848e+01, 8.717224328879004247e+01
-3.144697388410568237e+03, 6.795000000000000000e+03, 7.209382900067703304e+01, 8.243178998420451364e+01
-3.147961764931678772e+03, 5.796000000000000000e+03, 1.877351889212604874e+01, 7.613146524269711790e+01
-3.151225928664207458e+03, 4.715000000000000000e+03, 5.670976884439369314e-01, 6.866585760041157016e+01
-3.154490229964256287e+03, 3.852000000000000000e+03, -1.088470776959416071e+02, 6.206448259673160095e+01
-3.157754435181617737e+03, 2.922000000000000000e+03, 4.227887889844896563e+01, 5.405552700695831447e+01
-3.161018661141395569e+03, 2.452000000000000000e+03, -7.924370148998150398e+01, 4.951767361255978983e+01
-3.164283141374588013e+03, 1.895000000000000000e+03, 3.772044438574152991e+01, 4.353159771935783340e+01
-3.167547408699989319e+03, 1.647000000000000000e+03, -4.155331635723587169e+01, 4.058324777540605055e+01
-3.170811813473701477e+03, 1.315000000000000000e+03, 4.430289706759594992e+01, 3.626292872893748864e+01
-3.174076122403144836e+03, 1.204000000000000000e+03, -3.275603953524614553e+01, 3.469870314579494419e+01
-3.177340685486793518e+03, 9.530000000000000000e+02, 7.209248848989636826e+01, 3.087069808086626210e+01
-3.180604977369308472e+03, 8.740000000000000000e+02, 3.564946524465926814e+01, 2.956349099818896420e+01
-3.183869465112686157e+03, 8.650000000000000000e+02, -4.794733804601833072e+01, 2.941088233970548416e+01
-3.187133856892585754e+03, 7.360000000000000000e+02, 5.755111356270617762e+00, 2.712931993250107254e+01
-3.190398269414901733e+03, 6.540000000000000000e+02, 2.575540879489790314e+01, 2.557342370508884244e+01
-3.193662936210632324e+03, 6.380000000000000000e+02, -9.873413874227253473e+00, 2.525866188063017859e+01
-3.196927390098571777e+03, 5.930000000000000000e+02, -8.295948146921546140e+00, 2.435159132377184221e+01
-3.200191981554031372e+03, 5.740000000000000000e+02, -2.615489999012004319e+01, 2.395829710142187707e+01
-3.203456476807594299e+03, 5.060000000000000000e+02, 1.030066294102891788e+01, 2.249444375840398536e+01
-3.206721226572990417e+03, 5.080000000000000000e+02, -1.890153478315176017e+01, 2.253885533916928807e+01
-3.209985763430595398e+03, 4.210000000000000000e+02, 4.448327858972470494e+01, 2.051828452868319275e+01
-3.213250437855720520e+03, 4.490000000000000000e+02, -4.148760870547903323e+00, 2.118962010041709121e+01
-3.216515016078948975e+03, 4.360000000000000000e+02, -9.276937509654089808e+00, 2.088061301782110135e+01
-3.219779848694801331e+03, 3.850000000000000000e+02, 2.570881593407239052e+01, 1.962141687034858251e+01
-3.223044468522071838e+03, 3.810000000000000000e+02, 1.549483848914888995e+01, 1.951922129594313660e+01
-3.226309109091758728e+03, 4.100000000000000000e+02, -2.617933881380474759e+01, 2.024845673131658685e+01
-3.229573886990547180e+03, 3.590000000000000000e+02, 1.347159042570285692e+01, 1.894729532149641571e+01
-3.232838569045066833e+03, 3.670000000000000000e+02, -4.729942155301444018e+00, 1.915724406066801677e+01
-3.236103505373001099e+03, 3.610000000000000000e+02, -7.934403605194688680e+00, 1.900000000000000000e+01
-3.239368228793144226e+03, 3.410000000000000000e+02, 3.733612289510347182e+00, 1.846618531261938756e+01
-3.242633089780807495e+03, 3.070000000000000000e+02, 3.016646807701641819e+01, 1.752141546793523119e+01
-3.245897854685783386e+03, 3.190000000000000000e+02, 1.127382472415843040e+01, 1.786057109949175015e+01
-3.249162873864173889e+03, 3.590000000000000000e+02, -3.502282615814647215e+01, 1.894729532149641571e+01
-3.252427680373191833e+03, 3.350000000000000000e+02, -1.678949081744872274e+01, 1.830300521772312550e+01
-3.255692507505416870e+03, 2.970000000000000000e+02, 1.591557177004142432e+01, 1.723368793961408585e+01
-3.258957472205162048e+03, 3.020000000000000000e+02, 6.042071265741469688e+00, 1.737814719698276633e+01
-3.262222457647323608e+03, 2.990000000000000000e+02, 4.546556727842073542e+00, 1.729161646579058242e+01
-3.265487463712692261e+03, 3.150000000000000000e+02, -1.560911896460760317e+01, 1.774823934929884928e+01
-3.268752373814582825e+03, 2.840000000000000000e+02, 1.154171992874319130e+01, 1.685229954635271810e+01
-3.272017421364784241e+03, 3.090000000000000000e+02, -1.703064158123220295e+01, 1.757839583124694727e+01
-3.275282373070716858e+03, 2.770000000000000000e+02, 1.164806468674169082e+01, 1.664331697709323876e+01
-3.278547578811645508e+03, 2.700000000000000000e+02, 1.555448395847923848e+01, 1.643167672515498268e+01
-3.281812571763992310e+03, 3.080000000000000000e+02, -2.533137426201744802e+01, 1.754992877478424518e+01
-3.285077585697174072e+03, 2.530000000000000000e+02, 2.697206804063102936e+01, 1.590597372058686609e+01
-3.288342736959457397e+03, 2.590000000000000000e+02, 1.844848219296522984e+01, 1.609347693943108126e+01
-3.291607909083366394e+03, 2.960000000000000000e+02, -2.091657021695965568e+01, 1.720465053408525335e+01
-3.294873101830482483e+03, 3.000000000000000000e+02, -2.713613168807847842e+01, 1.732050807568877460e+01
-3.298138198614120483e+03, 2.530000000000000000e+02, 1.777814181309685182e+01, 1.590597372058686609e+01
-3.301403432846069336e+03, 3.080000000000000000e+02, -3.918446794073713590e+01, 1.754992877478424518e+01
-3.304668687939643860e+03, 2.600000000000000000e+02, 6.966570492596872555e+00, 1.612451549659709826e+01
-3.307933963775634766e+03, 2.900000000000000000e+02, -2.477738085094642884e+01, 1.702938636592640265e+01
-3.311199143409729004e+03, 2.340000000000000000e+02, 2.957590311733588351e+01, 1.529705854077835525e+01
-3.314464460730552673e+03, 2.850000000000000000e+02, -2.298081031726758283e+01, 1.688194301613413373e+01
-3.317729681968688965e+03, 2.510000000000000000e+02, 9.546115707533147088e+00, 1.584297951775485913e+01
-3.320995040655136108e+03, 2.440000000000000000e+02, 1.515067297157798976e+01, 1.562049935181330795e+01
-3.324260420322418213e+03, 2.190000000000000000e+02, 3.882752492300920721e+01, 1.479864858694874208e+01
-3.327525703787803650e+03, 2.780000000000000000e+02, -2.142821507078741661e+01, 1.667333200053306541e+01
-3.330791124701499939e+03, 2.610000000000000000e+02, -5.621153609105874693e+00, 1.615549442140351033e+01
-3.334056566476821899e+03, 2.560000000000000000e+02, -1.755388821147420231e+00, 1.600000000000000000e+01
-3.337322028875350952e+03, 2.370000000000000000e+02, 1.616527164965606289e+01, 1.539480431834065222e+01
-3.340587395310401917e+03, 2.820000000000000000e+02, -2.986263993710005593e+01, 1.679285562374666441e+01
-3.343852899312973022e+03, 2.780000000000000000e+02, -2.684242509030582369e+01, 1.667333200053306541e+01
-3.347118307352066040e+03, 2.490000000000000000e+02, 1.223008269811487025e+00, 1.577973383805949936e+01
-3.350383852720260620e+03, 2.420000000000000000e+02, 7.330842243167580818e+00, 1.555634918610404505e+01
-3.353649419069290161e+03, 2.520000000000000000e+02, -3.521433730528201522e+00, 1.587450786638754430e+01
-3.356914889216423035e+03, 2.650000000000000000e+02, -1.733614749182379455e+01, 1.627882059609970611e+01
-3.360180496931076050e+03, 2.740000000000000000e+02, -2.711554199189760084e+01, 1.655294535724684835e+01
-3.363446125507354736e+03, 2.310000000000000000e+02, 1.513838479450708974e+01, 1.519868415357066382e+01
-3.366711774706840515e+03, 2.550000000000000000e+02, -9.576251233626891235e+00, 1.596871942267131139e+01
-3.369977327823638916e+03, 2.170000000000000000e+02, 2.773882129258527129e+01, 1.473091986265623454e+01
-3.373243018627166748e+03, 2.500000000000000000e+02, -5.918078522068668690e+00, 1.581138830084189628e+01
-3.376508730053901672e+03, 2.310000000000000000e+02, 1.245155332061455056e+01, 1.519868415357066382e+01
